1144,μονον
1175,νικην
719,επιοντων
1703,ταφρος
1546,πυργος
1028,λαβε
699,επεξηγειται
831,ημερας
1438,πληθους
1299,παιδες
1074,μαγειρος
319,αχαρις
687,επαναληψεως
1812,υποστιζειν
1199,οικου
185,αμετοχος
1090,μεγιστον
1662,συνθετως
823,ηλθεν
1370,παροξυνεται
1437,πληθος
420,δεθεις
525,εαυτον
365,γελοιον
1704,ταφρου
638,εμυηθη
1663,συνιστησιν
263,αποτελουμενη
422,δεικνυσιν
1266,οτ
242,απαξ
183,αλογων
1823,υψουτο
1646,συνδειται
551,ειδικον
694,επεκτεταμενα
1373,παρωχημενου
1015,κρινη
224,ανθρωποις
692,επεισθη
177,αλλον
676,εξηγησιν
1168,νεφελων
730,επιτυχοι
637,εμυειτο
1039,λεγομενη
1085,μαχης
523,δωριεις
1050,λειποντος
1276,ουκεθ
1285,ους
802,εχρησατο
1356,παρατηρησις
77,perspersfbaOphion
1466,πολλα
172,αλληγορια
685,επαινεσας
103,αγανακτησαντες
526,εβδομω
844,ηρωικου
1036,λεγεται
59,perspersdcGaea
773,ευθεια
1171,νεων
1739,τοιαυτη
211,αναφερων
1669,συντεμνει
366,γελοιοτατος
1058,λεχων
1625,συμφραζομενων
358,γεγονε
414,δαιω
1814,υποστικτεον
116,αδυνατον
1102,μερος
79,perspersfbcAlcaeus
1388,πειραν
279,αρματι
1905,ωκοδομηθη
962,καταφορωτεραι
1570,σημαιμει
1745,τοιχους
860,θεοις
1574,σημαινουσι
1864,φυσει
1117,μετηνεχθη
889,ιλιου
1859,φροντις
485,διηκοσιων
1636,συναπτειν
1338,παρακουσαι
732,επιφανειας
502,δοκουντα
528,εγειρει
918,ιωνες
1861,φυγην
535,εγκλιτικος
46,perspersbbAgamemnon
1896,ψιλως
839,ηνιοχω
152,ακαιρως
1075,μακεδονιας
250,απελειπετο
1342,παραλελειπται
448,δημος
1725,τεσσαρων
610,εκτεταχθαι
1873,χανουσα
1526,προτερον
438,δευτερω
1769,τραμα
436,δευτερου
1185,νυξ
454,διαθεσεως
154,ακαταλληλως
707,επιβουλης
206,αναστρεφεται
1504,προσδοτεον
1374,πασα
1052,λελεκται
1807,υποκρισει
686,επαινουμενος
1724,τεσσαρας
500,διωξιν
1245,οπερ
716,επιλαμψιν
40,perspersajdHermes
828,ημεις
245,απεδανος
1138,μνημονευει
1604,στιχων
1848,φθορας
1095,μελλον
1155,μυριαδες
1111,μεταφορα
1916,ωφειλε
595,εκδεξωμεθα
1906,ωμον
1251,οργη
937,καλυπτοντος
325,βαλλομενα
616,ελασσους
1341,παραλαμβανει
660,ενικη
1753,τοποθεσιαν
1621,συμβησεται
1221,ομηρικον
145,αιτιατικης
1278,ουραν
558,εικως
672,εξαναστησεται
444,δηλος
1497,προκειμενον
1845,φησιν
342,βελτιον
1819,υποτασσουσι
762,ετερον
1521,προσωπου
457,διακοψαι
460,διαλεγεται
1539,πτωσεως
970,καυχασθαι
1670,συντετελεστε
351,βραδυ
821,ηκουσεν
1672,συντομιας
1808,υπομνημασι
158,ακοντιστης
1661,συνθετα
896,ιππους
1056,λεοντι
1610,στρεψαι
1236,οντι
587,εκαστου
1070,λογους
786,ευχερως
936,καλουσι
92,perspershjHesione
1548,πως
1357,παρειληπται
1903,ψυχρον
118,αερα
1678,σφαιρικως
1004,κομπασει
1091,μεθ
1147,μονων
1580,σημειωτεον
1045,λεγουσα
1255,ορθοτονειται
1635,συναποληγει
537,εγκρινει
162,ακρατον
1001,κοινον
494,διωκει
93,perspersihPtolemy
1274,ουδετερου
1336,παρακεινται
304,αυτα
18,oξειαν
1157,μυστηρια
1836,φασιν
514,δυναιτο
1073,λυει
1612,συγκρισιν
1282,ουρανου
885,ιδον
349,βουλομενος
807,ζυγοστατει
1448,ποιηται
987,κερμα
899,ιση
368,γενεσθαι
217,ανδρων
1578,σημειον
1304,παμφανοωντα
993,κινεισθαι
726,επιστροφην
841,ηπερ
61,perspersdgPoseidon
1372,παρουσια
876,θρονου
900,ισης
412,γραφουσιν
1849,φιλοκινδυνον
212,αναφορα
1475,πορευου
1585,σπανιος
474,διαστηματα
1783,τυγχανη
1378,πατερα
1719,τελευτης
1259,ορμαν
1528,προφερεται
1325,παραδιαζευκτικος
540,εγραψαμεν
1287,ουσαν
1019,κυνηγος
1913,ωρμα
223,ανηρ
1354,παρατεταμενους
1559,ριου
1238,οξεια
285,αρχης
1249,οποτε
1818,υποτακτικον
1021,κυνοσουρα
1519,προσωποις
678,εξηλασαν
198,αναλυει
1201,οιμον
331,βαρυνει
80,perspersfbgNeoteles
1313,παντων
51,perspersbhThyestes
795,εφυγον
490,δις
1362,παρεστησεν
143,αιτιατικη
1326,παραδιδωσιν
508,δυικα
1449,ποιητη
908,ιστησι
667,εντελες
1054,λεξεως
330,βαρειται
832,ημιν
1908,ωνομασται
1120,μετοχης
284,αρχην
684,επαγομενα
1302,παλαιοις
723,επισπασαιτο
419,δεεμος
1637,συναπτεον
650,ενδεκατον
1232,ονομα
1395,πεπληρωσθαι
1344,παραληψονται
367,γενεαλογια
929,καθολου
1698,ταυτη
186,αμφιβολον
547,εζητηται
1811,υποστιγμης
1208,ολειται
90,perspershfCallimachus
717,επιλογισηται
1333,παραιτητεον
991,κηρα
925,καθημενον
1458,ποιος
1865,φυσιν
1116,μετεορα
658,ενθαδε
316,αχαιοι
456,διακενος
179,αλλων
515,δυναμει
1732,τιθεται
1268,ουδ
874,θρεμματα
369,γενεσιν
52,perspersbhbIris
356,γαργαρον
599,εκεινα
1714,τειχους
1494,προθεσιν
487,διηρεθη
85,perspersfiApollodorus
1846,φθεγγεσθαι
406,γραφη
643,εναντια
702,επεται
836,ην
1642,συναρμοζοντος
10,and
1398,πεπτωκεν
760,ετεραν
744,ερεβος
261,αποστησομεθα
1883,χρησις
1079,μανθανει
533,εγκλιτικα
484,διηγησιν
1506,προσεθηκεν
1186,νωτου
1582,σκοτους
1043,λεγομενου
340,βελος
1535,πρωτω
881,ιδης
329,βαρειαν
662,ενιοις
1872,χαλεπω
1103,μεσημβριας
466,διανοιαν
534,εγκλιτικη
1319,παραβολικον
1246,οπλα
1560,ρυομενος
1409,περισπασθησεται
1152,μυθοις
645,εναντιος
241,απαντων
1145,μονος
1767,τουτω
236,αξιαν
1792,υπαντησας
1680,σφαιροειδης
649,ενδεικνυσθε
1141,μοναρχιαν
775,ευθειας
988,κερτομικως
735,επιφερομενα
1009,κρατειν
1566,σαφως
1137,μικραι
190,αναγκαιον
738,επληθυεν
601,εκεινοις
14,hades
1360,παρεμφαινει
1565,σαφεστερον
1854,φρενας
1588,στεινει
1538,πτοουσα
548,εθελω
543,εδει
357,γεγενησθαι
403,γραπτεον
884,ιδιοτητα
1315,παρ
1681,σφοδρα
1723,τεσσαρα
592,εκγονοις
608,εκρατουν
597,εκει
123,αθετητεον
305,αυται
574,ειρωνευομενος
1283,ουρανω
879,ιατρος
720,επιρρημα
1825,φαιαξιν
757,εσχηματισται
1770,τρειν
926,καθο
197,αναλαμβανει
1063,λιπος
1235,οντα
233,αντωνυμια
1614,συγχυσιν
196,αναιρεσις
408,γραφηται
324,βαλλει
705,επηνεγκεν
1064,λιπους
1166,νεολκιας
877,θυγατερα
1355,παρατηρει
1151,μυηθηναι
1169,νεφη
736,επιφερομενη
698,επεξειργασται
505,δοτικη
965,κατηγωνισατο
54,perspersbjaHades
1452,ποιητικη
1479,πορφυρουν
606,εκοντας
205,αναστρεπτεον
327,βαρβαρικον
62,perspersdhePtolemy
682,εξωθεν
483,διηγησασθαι
1576,σημαναι
122,αθετειται
1830,φαλακρη
58,perspersdHesiod
961,κατασχοι
596,εκδεχονται
615,ελασσονας
1183,νυκτος
1842,φευγοντι
1377,πασι
710,επιθεις
385,γεωργος
1046,λεγουσι
1564,σαφεστεραν
1493,προθεσεως
321,βαθυτατω
1180,νοον
903,ισταμενους
318,αχαιων
1007,κοσμου
1256,ορθρου
87,perspersgfNicanor
317,αχαιοις
248,απεκοψε
1759,τοσουτον
589,εκατερου
202,αναπεμψαντες
924,καθελκυσθηναι
1909,ωρα
455,διακεκομμενον
1040,λεγομενης
160,ακουσας
591,εκατον
289,ασθενες
49,perspersbdcTeucer
1728,τετηρηται
847,ητ
664,ενστασης
693,επεκρατησεν
1384,πεδιου
503,δορατων
1562,ρωμην
632,εμοι
902,ισμεν
631,εμεριμνησεν
995,κληδωνιος
396,γνησιους
1675,συστελλων
581,εκαθεζοντο
131,αιθερα
1600,στιχον
570,ειρημενα
1543,πυλιου
1172,νεωτεροι
1607,στομιον
1135,μιγνυται
563,ειπειν
373,γενικης
53,perspersbhjTheseus
492,διφυα
286,ασητα
1471,πολλων
1618,συλλαμβανει
617,ελαυνοντος
536,εγκοιμηθηναι
975,κειμενον
626,ελληνων
923,καθαρως
1309,παντεσσι
181,αλογα
1529,προφερομενος
594,εκδεξασθαι
1797,υπερβολην
1664,συνταξιν
1476,πορευσομαι
446,δηλων
725,επιστρεφομενον
1403,περιγραφει
919,ιωνικως
642,εναλλαγας
1041,λεγομενοις
1839,φερομεθα
771,ευηθης
56,persperscgTitans
1813,υποστιζεσθαι
797,εχειν
429,δειται
425,δεινοεπες
826,ηλιου
1595,στηναι
220,ανελαμβανον
308,αυτης
1900,ψυχας
60,perspersdfcGlaucus
734,επιφερει
67,persperseidAugeas
1442,πληρες
808,ζυγω
215,ανδρες
1296,οχλω
1123,μηδε
404,γραφει
1743,τοιουτω
905,ιστασθαι
612,εκτραγωδει
1228,ομωνυμως
665,ενταυθα
1381,πατρωνυμικως
1899,ψυχαις
1901,ψυχην
544,εδεξαντο
168,αληθες
431,δεξαιτο
1727,τεταρακται
364,γεγωνεμεν
940,καμπτειν
1177,νοθον
479,διαφορωτατου
1850,φοβον
1393,πεντε
75,perspersfahMedusa
111,αγνωμων
1886,χρονον
1434,πλεονασαν
718,επινον
607,εκουσιως
1469,πολλοις
1591,στενοχωριαν
1673,συντομως
857,θειου
801,εχουσης
517,δυναμις
1027,κωλυεται
1581,σιτου
1113,μεταφρενον
1002,κοινωνουντος
873,θρασυ
66,perspersegfIstros
1391,πεισθεισα
598,εκειθεν
280,αρμοζει
1260,ορμηματα
1109,μεταστησας
1383,πεδιοιο
1429,πλειονα
1435,πληγην
1634,συναντησας
729,επιτροπω
1676,συστολας
754,εστως
920,καθ
656,ενθ
1012,κρεισσων
742,εργατης
374,γενικον
1730,τηλικαυτη
141,αισχυνης
278,αρματα
1831,φαμεν
450,δι
477,διαφερει
1347,παραπλησια
1620,συμβεβηκε
1425,πιπτει
135,αιξε
912,ισχυρον
644,εναντιον
138,αισθεσθαι
555,ειδωλον
655,ενεργουντα
1198,οικον
1140,μοιρας
107,αγετε
1404,περιειλησας
541,εγχωρει
974,καυχωμαι
170,αλλ
1720,τελος
1414,περισσος
238,απαθης
1875,χαριζομενα
812,ζωων
990,κηπω
1544,πυλων
564,ειπεν
1394,πεντηκοντα
609,εκτασεως
1761,τουναντιον
22,perspersaabbEpicharmus
509,δυικη
391,γινεται
1006,κοσμον
1748,τοξειαν
288,ασθενειας
507,δυειν
1207,ολα
1523,προτακτικου
1067,λογον
1284,ουρανωθεν
911,ισχυν
1066,λογοι
1044,λεγονται
1520,προσωπον
1488,προαιρεσιν
522,δυσχερη
400,γουν
113,αδελφην
978,κεκλιται
709,επιεικες
283,αρχας
1617,συλλαβων
1763,τουτεστι
1016,κυβερνητης
309,αυτοις
1706,ταχεια
1159,νασταθμου
55,persperscabMeleager
519,δυναται
265,αποτροπην
1337,παρακειται
1781,τρωσαι
1771,τρεις
703,επεταξεν
1766,τουτους
1912,ωρισμενον
1483,ποτερον
117,αει
136,αιολεις
1252,οργης
1167,νεου
1324,παραγων
1793,υπαρχει
1294,οχανα
1127,μην
1192,οζει
758,ετεον
704,επεχουσαν
1352,παρατασει
996,κληδωνος
557,εικασται
977,κειται
706,επηρμενον
218,ανεγνω
770,ευδιαν
1156,μυρμηκων
28,perspersadePriam
1895,ψιλουν
1917,⁚
1170,νεωλκιας
1631,συναθετειται
1068,λογος
1701,ταυτον
1542,πυλη
1705,ταχα
890,ιμαντας
1345,παραλογον
1597,στιγμαι
776,ευθηνουντα
1321,παραγενομενος
1290,ουτως
1666,συντεθειμενον
1189,ξιφος
84,perspersfheTheia
203,αναρμοστα
353,βραχυ
292,ασταχυς
1623,συμμαχιας
1505,προσεθηκα
232,αντισιγμα
973,καυχησεως
1622,συμβολη
1744,τοιουτων
1834,φαρους
1047,λεγω
1779,τρωεσσιν
240,απαμβλυνει
1218,ολω
147,αιφνιδιον
906,ισταται
1272,ουδεποτε
415,δασμον
1639,συναπτηται
1132,μια
1816,υποστρεφειν
1667,συντεθειται
1887,χρονου
1379,πατρι
1173,νηνεμιην
1051,λεκτον
1729,τεχθεντα
1303,παλαιστης
1871,χαλεπον
1650,συνδεσμου
1205,οις
146,αιτιον
749,εσθιειν
708,επιδεικνυμενος
1507,προσηγορευθη
1463,πολεμου
628,ελπιδοποιουμενος
1862,φυλαξαιτο
1656,συνεχεται
690,επειδη
390,γινεσθαι
380,γενους
513,δυικως
1777,τρωας
424,δειλος
1334,παραιτιος
193,αναγνωστεον
1240,οξυ
1653,συνελαυνομενων
893,ιπποι
226,αντα
928,καθολικωτερον
1129,μηνυσω
1416,περιφρασις
1482,ποτε
488,διοδον
1624,συμφεροντα
1413,περισσον
17,of
271,αρεσκει
1665,συνταξις
1496,προθυμως
335,βασιλευοντος
1086,μαχονται
426,δεινος
1555,ρητεον
577,ειχεν
89,perspershZeus
214,ανδρας
1243,οξυτονητεον
960,καταστημα
894,ιπποις
1866,φωνην
714,επικουροις
48,perspersbbeAeschylus
1525,προτερας
1204,οιονει
493,διχως
1380,πατρονυμικον
1225,ομοιωματικω
552,ειδος
1550,ραδιως
1035,λεγεσθαι
1470,πολλου
1184,νυν
1649,συνδεσμος
1216,ολυμπου
134,αινιττεσθαι
1194,οιδα
689,επαρεπεμψατο
1693,ταρταριζειν
941,καν
1048,λεγων
1514,προστιθεναι
569,ειρηκεν
1660,συνθεσις
473,διαστημα
1440,πληθυντικως
871,θορυβον
1231,ονειδιστικον
253,απηντηκεν
1545,πυρα
1286,ουσα
834,ημυσε
64,perspersePindar
1758,τοπων
1125,μηκος
886,ιθυσε
394,γινωσκειν
763,ετερου
1584,σπανιον
1700,ταυτης
1852,φρασεως
856,θειον
1332,παραιτειται
816,ηδυνηθη
575,εισαγαγων
942,καπι
1220,ομηρικη
1415,περιττος
1734,τιμησας
1615,συλλαβην
410,γραφοντα
1776,τριων
1267,οταν
1472,πολυ
1013,κρειττων
486,διηνεκως
300,αυερυοντα
171,αλλαχου
478,διαφερω
1323,παραγινομενος
1754,τοπον
1485,πραγμα
852,θαλασσα
216,ανδρος
108,αγνισθεις
932,κακεινα
382,γερας
1212,ολος
1645,συνδεδεμενον
124,αθετουμενα
654,ενεργειας
2,172
675,εξηγειται
1847,φθειρου
27,perspersaciCronus
1134,μιας
1322,παραγινεται
273,αρθρον
312,αφαιρεσεως
290,ασθενης
81,perspersfbhEumolpus
20,perspersaAchilles
721,επισκυνιον
1311,παντοιων
1551,ραψωδιαν
398,γοργονα
1081,μαχεσθαι
1101,μερη
1078,μαλλιον
1490,προδηλον
1764,τουτον
1110,μετατιθησι
9,air
915,ισχυς
1003,κομιζειν
189,αμφοτερων
1697,τασσει
1230,ονειδισμον
1643,συναφες
409,γραφικον
1197,οικειοτερον
1911,ωριζεν
891,ιματιον
1298,παιδα
1527,προτροπην
249,απεκυλησε
395,γνησιοις
372,γενικην
1242,οξυνειν
1420,πετρον
916,ισω
88,perspersgiLaomedon
759,ετερα
1696,τασιν
260,απολελυται
971,καυχηματικωτερους
984,κεραυνιου
1474,πολυλιτανευτος
1806,υποκειμενοις
1568,σειρην
1269,ουδαμου
1348,παραπτηναι
37,perspersagbHector
1209,ολιγα
1153,μυθον
121,αηρ
934,καλει
311,αυτω
281,αρμοζουσιν
777,ευθυς
636,εμποδιζειν
620,ελικη
1626,συμφωνει
1737,τοιαυτα
1178,νοθους
1486,πραττεται
1423,πινειν
174,αλληλων
1353,παρατεταμενην
1890,χρωμενος
634,εμπεδος
496,διωκομενος
322,βαλε
269,απροθυμοι
1694,ταρταρον
1860,φυγαδε
1014,κρεμασαντες
550,ειασεν
1879,χερμαδιον
1387,πειθεσθαι
1124,μηδενα
910,ιστοριαν
985,κεραυνος
787,ευχης
765,ετερωσε
262,αποσυνισταται
320,αψυχων
1804,υπηρχον
1695,ταρταρος
1461,πολεμοις
635,εμπειρος
1567,σειομενης
151,ακαιρος
1389,πειρας
1587,στας
980,κενον
1328,παραζευξεις
1386,πεζων
1349,παρασκευαζουσι
1182,νους
1426,πισω
1445,ποιει
1306,πανοπλιαν
1112,μεταφορας
244,απεβαλε
1782,τρωων
1084,μαχην
1513,προστεθειμενον
1467,πολλακις
1736,τιτρωσκοντι
1133,μιαν
1262,ορους
434,δερος
1340,παραλαβοντος
1794,υπαρχον
277,αρκει
1060,ληγουσα
697,επενοηθησαν
854,θανατηφορους
1264,οσοι
1271,ουδεμιας
1596,στησεσθαι
377,γεννωσαν
549,εθος
750,εσκοτισμενον
1162,ναυς
1833,φαρος
34,perspersafAristarchus
50,perspersbejIxion
1508,προσηκοτως
243,απαρακαλυπτως
728,επιτηδειοι
1316,παραβαλλει
788,ευχομενος
194,αναδιδοναι
301,αυξησεως
1291,ουχι
1206,οκτω
458,διαλαμβανει
1613,συγχει
572,ειρηται
1837,φατναις
1281,ουρανος
1740,τοιαυτην
1799,υπερεχειν
746,ερυσαι
1417,περιφραστικως
106,αγεται
1428,πλεθριαιον
953,καταλαμπεται
1258,ορκον
600,εκεινο
102,αγαν
259,αποθραυομενων
379,γενομενον
21,perspersaaaScamander
1254,ορθογραφιας
1707,ταχεις
1358,παρεισαγει
440,δεω
1577,σημεια
192,αναγνωσιν
1072,λοιπους
1686,σχημασι
1108,μεταστησαντος
1838,φερεται
1750,τοξιας
1644,συναχθομενος
1853,φρασις
362,γεγραμμενοι
47,perspersbbaParmeniscus
407,γραφην
1751,τοξοτης
892,ιν
1011,κρατουν
178,αλλου
387,γης
1008,κρασις
1396,πεπληχθαι
306,αυταις
931,καιρος
1093,μειζονος
472,διαστελουμεν
1148,μορον
155,ακαχοιτο
825,ηλιος
1450,ποιητην
1314,παντως
1176,νοεισθαι
1583,σολοικοφανες
982,κεντρου
293,αστεροεντα
1757,τοπω
499,διωκοντι
1843,φευγων
858,θελει
1010,κρατητα
1422,πιθανωτερον
983,κερασιν
673,εξει
73,perspersfafCerberus
251,απεσφαξεν
115,αδου
1503,προσδεχομενος
112,αγοραν
1457,ποιητων
1722,τεναρον
1468,πολλας
1616,συλλαβης
1191,οδους
1293,οφεων
1351,παρασχηματισμω
584,εκαστη
1094,μειλησιος
86,perspersgaHeracles
207,αναστρεφουσιν
1515,προσφωνησεις
518,δυνασθαι
733,επιφανεντος
1844,φησει
1401,περιβολαιω
651,ενεκα
1193,οθεν
1037,λεγετε
1092,μεθην
465,διανοια
430,δεμας
1877,χειρι
23,perspersaafHera
1477,πορθησας
715,επικρατει
264,αποτομως
669,εντελους
1366,παρηορος
790,εφαμεν
1335,παρακειμενοι
1297,οψε
68,perspersfaaAnacreon
945,καρπω
41,perspersajgChrysippus
1702,ταφρον
130,αιδου
125,αθετουνται
1361,παρεπεμψατο
671,εντος
666,εντελειαν
1088,μεγαλα
1473,πολυλαλον
339,βεβληται
862,θεος
1594,στηκος
336,βασιλευς
833,ημιστιχιον
755,εσχατος
343,βληθηναι
752,εστι
468,διαπιπτει
958,κατασκευη
100,αβορος
230,αντελαβετο
639,εμφαινει
1510,προσληπτεον
195,αναδοσεις
659,ενθεν
1684,σχεδιας
1163,ναυσι
1301,παις
1142,μονην
1265,οσον
388,γιγαντας
904,ιστας
578,ειχον
1022,κυνων
1224,ομοιον
222,ανεχουσων
1436,πληθει
1139,μοι
1752,τοξου
774,ευθειαν
1233,ονομαζει
1214,ολυμπον
276,αριστερος
1237,οντος
997,κληρω
1465,πολις
381,γενων
247,απειλουντι
1652,συνειργομενων
1367,παριδιους
772,ευθεες
805,εως
1690,σωφρονες
1893,ψευδος
806,ζητουσι
560,ειλετο
663,ενος
1870,φωτος
532,εγκλισεων
1055,λεξις
1431,πλειους
1130,μηποτε
1305,πανομφαιος
184,αμαρτημα
435,δευτερον
1000,κοινης
137,αις
1,1
789,ευχρηστα
1257,ορθως
1629,συμφωνως
427,δειξαι
1460,πολεμικη
1363,παρεσχηματισθη
1876,χειρα
1196,οικειον
237,αξιοι
529,εγενετο
1327,παραδοσις
270,απτον
1885,χρονικην
1190,οδον
33,perspersaehPatroclus
909,ιστορια
1762,τουπισω
677,εξηγησις
1029,λαβειν
1627,συμφωνησει
1891,χωριζουσιν
1076,μακραν
1034,λεγειν
254,απιεναι
482,διεσταλκε
1061,λιβυης
527,εγεγραπτο
165,ακροτηριον
142,αιτιαν
416,δασυνουσιν
5,Gonypesus
1462,πολεμον
1599,στιχοι
794,εφικνεισθαι
778,ευκαιρον
731,επιφανειαν
1682,σφωε
1119,μετοχη
1765,τουτου
1534,πρωτους
1312,παντος
748,εσαυριον
418,δεδεχεσθαι
747,ερωτησει
282,αρσενικως
1026,κωλον
45,perspersbagAutomedon
556,εικαζει
449,δημωδη
1598,στικτεον
954,καταλελοιπε
530,εγερθηναι
1484,ποτηριων
898,ισας
1146,μονου
1300,παιδω
1042,λεγομενον
1784,τυγχανων
393,γινομενος
674,εξελαβε
1331,παραιβατην
737,επιφερομενον
1097,μεμνηται
1310,παντευχιαν
437,δευτερους
1824,φαεινην
1499,προπεριεσπασαν
1203,οιον
1685,σχημα
590,εκατερωθεν
148,αιφνιδιως
1810,υποστιγμη
623,ελκοντα
36,perspersagHomer
1082,μαχεται
791,εφανη
998,κλινης
840,ηπειρων
95,scribe
25,perspersaahOdysseus
7,Milesius
1721,τελους
783,ευρεθηναι
1747,τονον
769,ευ
1657,συνηθες
476,διαφανης
1914,ωρυκτο
1715,τεκτων
680,εξης
296,ατενιση
927,καθολικον
341,βελους
287,ασθενειαν
19,oχηματα
583,εκαλουν
1679,σφαιροειδη
44,perspersbaeDiomedes
266,αποφασει
31,perspersadhPirithous
811,ζωω
1571,σημαινει
29,perspersadfHyperion
1089,μεγαν
303,αυριον
576,ειτα
159,ακουσαι
1279,ουρανια
1018,κυνες
785,ευφυα
782,ευμαρως
1775,τριτωνι
463,διαλυσεως
360,γεγονος
101,αγαλματα
781,ευλαβεισθαι
999,κοινη
1495,προθεσις
1023,κυρια
864,θεους
1211,ολον
1822,υψους
1524,προταξας
1829,φαινονται
756,εσχε
520,δυνοντα
800,εχουσα
462,διαλυοντας
246,απεδεξαντο
1418,περιωριζεν
618,ελεγεν
1031,λαβομενος
1080,μαντις
1840,φευγει
97,taratus
1263,ορω
1270,ουδεις
1756,τοπου
402,γραμματικων
413,γυναικος
110,αγνοουντες
950,καταγωνισθηναι
501,δοκει
724,επισταμενοι
648,εναρκησεν
30,perspersadgHelius
234,ανω
1248,οπλων
614,ελαμβανεν
1350,παραστησαι
272,αρετη
182,αλογον
1537,πτοεισθαι
164,ακριβολογειν
470,διασκευαστης
1478,πορπαξιν
1215,ολυμπος
1638,συναπτεσθαι
1553,ρηματος
1411,περισπωμενη
1038,λεγομενα
1364,παρηγοριας
267,αποφασεως
943,καρη
1406,περιοδον
1541,πυλας
629,ελπιζω
1441,πλην
1407,περιπολων
1710,τε
359,γεγονεν
4,Ascalon
1516,προσφωνησις
1057,λεπτον
1857,φρονουντες
819,ηθετηκεν
853,θαλασση
630,εμβαλλομενας
328,βαρβαρους
11,delinating
69,perspersfabDemetrius
838,ηνιοχον
921,καθαπτομενη
1408,περισπα
119,αετον
495,διωκειν
1330,παραθεσις
1894,ψιλοι
1114,μεταχειριζεται
1531,πρωην
307,αυτας
948,καταβασεως
1785,τωδε
144,αιτιατικην
1558,ριγουν
1726,τεταγμενον
257,αποβεβλησθαι
352,βραδυτητι
200,ανανδρος
1532,πρωνες
1795,υπαρχουσης
1716,τελειως
187,αμφοτερα
213,ανδρα
647,εναντιωματικος
1668,συντελικω
227,ανταποδιδομενον
109,αγνοησαντες
1907,ωμος
445,δηλουν
453,διαθεσει
1633,συναλιφην
1511,προσταγματα
1502,προσαγορευει
1791,υπακουστεον
1371,παροξυτονως
872,θορυβωδες
938,καλυψας
917,ισως
120,αετος
562,ειπε
859,θεοι
498,διωκοντα
297,ατεχνος
1802,υπερμαχουντων
24,perspersaagNestor
1187,ξενας
1421,πιδακες
959,καταστειλαι
1552,ρημα
1889,χρυσην
761,ετεροις
464,διανεμησει
1755,τοπος
433,δεοντως
1397,πεποιηκε
1005,κορη
447,δηλωτικον
868,θηραις
314,αφροδισια
1659,συνθεσιν
480,διδασκομεθα
1165,νεκρων
1400,περι
633,εμου
933,κακως
566,ειπομεν
1164,ναυσιν
741,εποιησεν
315,αφωτιστον
1104,μετ
913,ισχυροποια
1881,χρη
1234,ονοματα
830,ημεραν
268,απρεπως
1647,συνδεσμοι
792,εφασκεν
1244,οπαζει
497,διωκομενους
32,perspersaeZenodotus
1222,ομηρικου
784,ευτελεις
1121,μεχρι
1498,προλιπουσαι
471,διασταλτεον
1878,χειριας
681,εξον
888,ιλιον
1547,πυρος
1025,κυριως
239,απαιτει
1640,συναπτωμεν
567,ειπων
1424,πινουσι
1863,φυλαξει
191,αναγκη
780,ευκρινες
739,εποιειτο
661,ενιοι
1540,πυκτης
150,αιχμαλωτος
1405,περικεχυμενου
199,αναλυειν
851,ηφαιστοτευκτον
1343,παραληπτεον
1059,ληγει
361,γεγονυιας
848,ητοιμαζε
1671,συντιθεται
98,the
621,ελκει
1049,λειπει
1735,τισι
1630,συναδει
411,γραφουσι
882,ιδιαν
1821,υστερον
914,ισχυρως
1464,πολεμω
310,αυτου
1786,υγιως
1455,ποιητικως
1851,φονον
813,ηβουληθη
1856,φρονησεως
743,εργων
722,επισκωπτεσθαι
169,αλκιμωτερω
1832,φανερως
180,αλλως
803,εχρωντο
1805,υποθεσιν
976,κεισθαι
753,εστιξαμεν
842,ηπλωθη
798,εχη
653,ενεκτεον
542,εδαφει
670,εντευθεν
428,δειπνον
1892,χωρις
347,βουλεται
375,γεννηθεισαν
332,βαρυνεται
229,αντεικασιας
820,ηθετητο
163,ακριβεστερον
981,κενταυρων
1365,παρηκολουθησεν
1053,λεξεσιν
679,εξηπται
1788,υδατος
870,θνητων
740,εποιησε
625,ελλειψιν
1122,μεχρις
947,κατ
691,επεισαγειν
467,διανοιας
338,βεβαιωτικος
1586,σταρτησσω
3,2
96,spherical
822,ηλαυνε
986,κεραυνου
1898,ψυχαι
504,δοριον
1512,προστασσει
1787,υδατα
1247,οπλον
1107,μεταπλασμος
35,perspersafcAristonicus
1033,λεγει
1855,φρικωδεστατον
711,επιθετα
1651,συνειληπται
1882,χρησιν
1087,μεγα
1188,ξενοις
657,ενθα
348,βουλευομενου
966,κατηει
1077,μακρον
861,θεομαχιας
1692,ταραχης
417,δε
1619,συμβαινει
1359,παρεμεινε
333,βασιλειαν
1742,τοιουτος
506,δρακοντος
603,εκεινω
1609,στρατευματος
1253,ορθης
1593,στερησιν
376,γεννηθηναι
1590,στενην
1131,μητερα
1569,σελα
1501,προπερισπαται
12,diagram
1772,τρια
1017,κυνα
1874,χαρακτηρος
845,ηρωος
82,perspersfbjNemesis
1654,συνεσταλμενον
1223,ομιλω
1241,οξυνει
935,καλον
810,ζωσαν
71,perspersfadTelamon
1150,μυεισθαι
1768,τουτωι
208,ανατολην
521,δυσαρεςτει
1250,οπου
1632,συναλιφη
1280,ουρανον
26,perspersabcOceanus
1884,χρηται
1712,τεινομενα
1575,σημαινων
127,αθλου
571,ειρησθαι
1105,μετακεινται
565,ειπερ
799,εχοι
1433,πλεοναζει
1202,οινον
1481,ποταμω
767,ετιμων
1213,ολου
1641,συναπτωμενον
1557,ρητωρ
969,κατωτατον
1158,ναον
1796,υπεζευγνοιεν
389,γιγαντες
972,καυχησεται
1320,παραγει
295,ασυναρθρως
57,perspersciaEurystheus
619,ελευσινα
956,καταπετασας
475,διατελλουσιν
1688,σωμα
1803,υπεσταλμενης
511,δυικον
994,κλειοντος
397,γνωσομαι
129,αιδης
1790,υδρας
957,κατασειειν
1154,μυριαδας
1292,οφειλει
78,perspersfbbHeraclides
878,θυγατερων
764,ετερως
843,ηριστησαν
133,αιμα
258,αποδιδοται
72,perspersfaeDiogenes
967,κατοικουμεν
809,ζωον
579,ειωθε
252,απεχει
313,αφεσταναι
604,εκληθη
588,εκατερα
354,βριθομενη
299,αττικοι
1800,υπερθεν
345,βολης
1382,παχεος
1308,παντας
573,ειρωνευεται
516,δυναμενος
1275,ουδηποτε
231,αντικρυς
1674,συντονως
432,δεξιουσθαι
1369,παρνασσου
1691,ταξιν
1518,προσωδιας
114,αδοκιμος
624,ελλειπει
1071,λογω
1897,ψιλωτεον
827,ημας
1603,στιχους
855,θανατον
1024,κυριον
337,βασιλις
275,αριστεια
1867,φωνης
1446,ποιησαντες
804,εχων
745,ερμηνειας
1841,φευγεις
1427,πλατος
363,γεγραφθαι
378,γενοιτο
863,θεου
1317,παραβεβληται
176,αλλοις
766,ετησιων
1798,υπερεβαλεν
469,διαπορητικος
1815,υποστιξωμεν
451,διαβασεις
901,ισιωνην
553,ειδοτι
751,εσται
1746,τολμωσι
1443,πλησιαζουσιν
930,καιρον
1915,ωρων
796,εχει
1128,μηνι
1454,ποιητικον
1329,παραθεσθαι
779,ευκαστον
1227,ομωνυμος
1554,ρηματων
157,ακοντας
1828,φαινοντα
582,εκαλεσαν
392,γινομενον
370,γενηται
16,hmtplacer
1376,πασης
622,ελκομενου
712,επιθετον
1717,τελεσθεντων
489,διπλη
74,perspersfagAscalaphus
1563,σαφες
793,εφεροντο
1536,πτηνων
1447,ποιησει
228,ανταποδοσις
1868,φωνουμενω
580,ειωθεν
815,ηδη
1160,ναυ
1556,ρητον
1880,χραται
1683,σφωιν
964,κατηγορουσιν
105,αγγελω
399,γοργωνος
1273,ουδετερον
922,καθαρος
1605,στοιχειον
421,δει
1749,τοξευειν
1492,προηγουμενως
1738,τοιαυται
1573,σημαινομενων
166,ακρωτηρια
585,εκαστον
1606,στομασιν
1709,ταχους
1219,ολως
1589,στεινος
668,εντελη
274,αρισταρχειος
1713,τειχος
1339,παραλαβειν
992,κηρεσσιφορητους
1239,οξειαν
15,has
949,καταγωνιζεται
1677,συστρατευσαντι
538,εγραφεν
1459,ποιων
1731,τημερον
875,θρηξιν
867,θηλυκως
1118,μετηνεχθησαν
1020,κυνι
1910,ωραν
1390,πεισαι
1100,μερει
6,Herodianus
1419,πεση
1106,μεταξυ
1307,παντα
219,ανειληφεναι
846,ησαν
1161,ναυπηγος
153,ακαταλληλον
1385,πεδω
1820,υποτιθεται
818,ηθετει
139,αισσειν
13,drawn
405,γραφεται
1126,μηκων
104,αγαυρος
524,εασαι
1530,προφευγη
640,εμφαντικωτερον
1500,προπερισπα
1444,πλησιον
1689,σωματικη
1229,ομως
1195,οιδεν
1522,προσωπω
1432,πλειστον
850,ηφαιστοτευκτα
302,αυξησιν
43,perspersbaaDionysius
539,εγραφετο
1453,ποιητικην
1099,μενειν
895,ιππου
646,εναντιουνται
39,perspersaggMemnon
849,ηττον
1602,στιχου
443,δηλονοτι
441,δηλοι
1655,συνεχες
126,αθλον
955,καταμαθοι
1083,μαχη
156,ακινητου
439,δεχεται
1592,στερεμνιω
837,ηνιας
1733,τιθησι
1835,φασι
1489,προβεβλημενον
1136,μικρα
1062,λιπαρα
1289,ουτω
1069,λογου
344,βληχρον
346,βοσκηματων
294,αστρολογος
1611,συγκεχυσθαι
512,δυικου
1904,ψυχρος
1741,τοιουτον
161,ακουστον
481,διελαβομεν
531,εγκλητικη
383,γεροντος
1773,τριτα
1412,περισση
401,γραμματικω
727,επιτελεστικωτατον
209,ανατολης
1699,ταυτην
323,βαλειν
545,εδωκεν
1658,συνθεσεις
1098,μεν
1517,προσωδιαν
1760,τοτε
8,aether
83,perspersfgAthena
768,ετυμολογειν
1096,μελλοντα
201,αναπαλιν
99,urncite
593,εκδεθεισης
688,επανω
554,ειδυιαν
1708,ταχος
491,δισκευτης
386,γην
1491,προειπων
968,κατω
602,εκεινους
1277,ουπω
1858,φροντιδος
869,θηρι
1509,προσιστορουμεν
461,διαλεκτω
1456,ποιητικωτερον
334,βασιλειας
1030,λαβετε
1346,παραλογως
1817,υποστρεψαντων
1179,νομισας
1572,σημαινομενον
1780,τρωικης
683,εξωπλιζοντο
1210,ολιγον
586,εκαστος
695,επεκτεταμενη
423,δειλιαν
1801,υπερθεσιν
1648,συνδεσμον
700,επεπληρωτο
627,ελλησιν
1392,πελοποννησω
510,δυικοις
559,ειλαντο
1809,υπομνηματων
817,ηεροεις
865,θετεον
210,αναφερεται
1826,φαινομενα
963,κατεκλειθησαν
897,ιππων
63,perspersdicAelius
946,καρων
91,perspershhApollonius
1410,περισπαστεον
866,θεων
1439,πληθυντικον
173,αλληγορικως
1628,συμφωνον
1288,ουσων
256,απλως
952,καταλαμβανει
188,αμφοτερους
989,κεφαλας
1149,μουσικος
355,γαργαρεωνος
1200,οικουμενης
1181,νοουσι
568,ειρηκε
204,αναρμοστως
235,αξια
907,ιστεον
829,ημερα
883,ιδιον
880,ιδειν
1778,τρωες
384,γεφυραν
371,γενικη
1295,οχηματα
76,perspersfaiStyx
167,ακρωτηριον
42,perspersbaAristophanes
132,αιθηρ
140,αισσων
605,εκλυει
696,επενηνοχεν
824,ηλιον
1174,νηων
652,ενεκεν
255,απλω
442,δηλον
1789,υδατων
1601,στιχος
1430,πλειονος
1718,τελευταιαν
291,ασπιδας
1902,ψυχοστασιαν
1487,πρεσβυτου
1261,ορος
1888,χρονω
1399,περατα
452,διαβοης
94,place
814,ηγνισθη
1533,πρωτον
1869,φωτιζεται
1368,παριουσι
225,ανισχοντα
1032,λακωνικης
128,αθλων
1318,παραβολη
1579,σημειουνται
835,ημων
70,perspersfacAmopaon
350,βοων
38,perspersageDidymus
1226,ομοιως
1143,μονοι
326,βαλων
939,καλως
561,ειναι
951,κατακαμπτειν
221,ανελκειν
944,καρπον
1065,λιτω
1451,ποιητης
1774,τριτου
175,αλλοι
1375,πασαν
1549,ραβδους
1561,ρυστατον
546,εζητειτο
613,ελαβεν
1480,ποσοτητος
1687,σχηματος
611,εκτος
459,διαλεγεσθαι
713,επικινδυνον
1608,στρατευματι
1217,ολυμπω
149,αιχμαλωτον
701,επεσιν
641,εμφασιν
887,ικανον
979,κεκρατηκεναι
1711,τεθριππου
65,perspersebeNicander
1827,φαινομενων
298,ατοπον
1402,περιγινεται
1115,μετενηνεκται
