2108,καταμαθοι
3634,τελειοτατον
1175,εδακρυεν
1144,εβασκηνεν
2288,λαον
1703,ευπρεπως
1956,ιατρος
1546,επικουριαν
2350,λογους
2493,μηπως
1028,διδασκομεθα
699,αυριον
1438,ενικη
3406,στιζουσιν
3672,τιμια
2841,παραβαλλεται
2876,παραλαβειν
687,αττικως
1090,δορπον
185,αδεες
2015,ιστορει
1662,ετραφη
1370,ελληνων
3337,σελαι
525,απεσφαξεν
365,αναγνωσιν
3293,πυλαι
1704,ευπριστιας
638,αρμοδιον
3220,προσανεχειν
422,ανδρα
263,αιχμαλωτον
1266,εκααστων
2398,μεθυον
183,αγωνιζεσθαι
4030,χρηται
1823,ηπερ
551,αποδιδοται
1646,ετεον
694,αυξει
3324,ρωσιν
2119,καταστειλαι
1373,ελπιδα
3982,φυλαξαιτο
3719,τουδεους
3646,τελους
3298,πυρ
4011,χειρι
3855,υποχωρουντες
3111,ποιων
637,αρματι
730,βαλειν
3163,πραγματευεται
4081,ωφειλε
3914,φευξεσθαι
1050,διι
1276,εκατεραν
802,βραδυ
1356,ελκον
2989,πεπληρωσθαι
3762,τρωων
4021,χρειαν
3408,στιχοι
3326,σαρκα
103,perspersfacAmopaon
526,απετεμνε
844,γενομενου
3711,τοπου
59,perspersbaaDionysius
2874,παρακειται
3271,προφανεισας
1171,εγραψεν
2450,μεταληψει
211,αθροως
366,αναγνωστεον
1058,διοσημιας
2136,κατηγορουσιν
1102,δυικου
79,perspersbjaHades
1388,εμπεδος
2746,ορει
2030,καδησομαι
3319,ροδοδακτυλος
3943,φιλοφρονουμενος
3292,πυκτης
3651,τεσσαρων
2920,παρηγοριας
1570,επισπευδουσα
1864,θανασιμος
1574,επιστρεφων
2570,νευρα
2783,ουδετερως
889,γραφηται
2336,λιπαρα
485,αοιδος
1636,εστως
732,βαλλε
3105,ποιοι
918,δεθεις
2078,καλον
535,απηνειαν
2170,κεντρου
3570,σωζει
1896,θεραπευσοντος
3288,πτοουσα
1075,διωξιν
3557,σφωιν
448,ανθρωπων
1725,ευχρηστα
2086,καλυψας
1873,θαυμαστοι
438,ανευ
1526,επηρεαζομενον
3382,σπευδουσα
436,ανεμου
1769,ηδονης
1928,θορυβω
3937,φιλονεικως
3338,σελας
454,ανταποδιδομενον
2982,πεισθ῀ξ
154,αγαλματα
206,αθετουμενα
3044,πικραινει
1052,δικας
1374,ελπιδας
2114,καταρρεοντα
500,απαραβατος
3587,ταραχη
716,αχαικους
2775,ουδει
3628,τεκτων
828,γενεαλογια
3167,πραξιν
1604,επτηχοτας
1138,εασαι
3089,ποιεις
3135,πολλοις
2041,καθημενον
595,αποφασεως
1906,θηλεια
2204,κινεισθαι
2932,παριστησι
937,δειται
3938,φιλος
325,αλλως
616,αρθρων
3423,στρατηγος
2999,περιβαινουσι
4051,ψογου
1221,εικος
145,ααπτους
2684,ομηρικοι
558,αποθραυομενων
1497,επαρη
1845,ηττηθεισα
3728,τραυμα
3148,πορθησας
3809,υπερωησαν
3617,τεθριπποις
4060,ωδε
457,αντελαβετο
1539,επιθετα
2234,κοσμεισθαι
970,δηλων
1670,ευελπιδας
351,αμφοτερων
821,γεγονυιας
158,αγγελιαν
1661,ετραπησαν
896,γυμνοι
1056,διος
2713,ονοματα
3571,σωζουση
587,αποτεινεται
3722,τουτεστι
3507,συνεσεως
1070,διωκειν
3140,πολυμηχανιας
92,perspersdicAeliusHerodianus
2103,καταλαμβανει
936,δειπνον
2303,λεγοντος
2724,οξυνειν
118,perspersfgAthena
1678,ευθεες
1091,δορυ
1004,διαπιπτει
1147,εγγυς
3362,σκελη
1045,διηγουμενος
1635,εστιξαμεν
1255,εισελθοντας
3526,συνιστησιν
537,απηρκεσεν
1001,διανοιας
2140,κατοιχομενοις
1274,εκαστω
3063,πλειστων
1336,ελαττον
304,αλαζονευεται
3792,υπερβατον
18,drawn
1836,ησσων
3450,συμβολη
3043,πιθανωτερον
3052,πισω
1282,εκγονοις
2082,καλουσιν
2241,κρατησαι
3835,υποστιγμη
349,αμφοτεροις
2200,κινδυνευοντα
3856,υποχωρουντος
1448,εντεχνως
3015,περιπολων
3815,υπνον
2536,μυηθηναι
3691,τοιουτω
217,αιδεω
3495,συνδεσμου
2863,παραινεσεσι
2901,παρατρεχει
2421,μεμφομενοι
1372,ελλησιν
876,γνωμην
412,ανατολης
900,γυναικες
3877,φαινοντα
3008,περικεκοπται
2051,καιριον
2895,παρατατικον
1475,εξοιστραν
3979,φυλακην
1783,ηκουσεν
2748,ορθης
1719,ευχεσθαι
3614,τεαποδεικνυται
1528,επηρμενον
3092,ποιησασθαι
1325,εκτραγωδει
1935,θρασυμηδους
1913,θηρευτικην
1238,ειποντα
2075,καλης
2260,κυναγωγης
285,ακουσας
1559,επιουση
2222,κολασθεισαν
2756,οριζων
2490,μηνιγξιν
4017,χθες
2983,πελοποννησω
3844,υποστροφην
2479,μετριωτερον
80,persperscabMeleager
795,βουλευομενου
2504,μιγνυται
490,απαγγελθεντα
2339,λιτι
1362,ελλη
143,the
2761,ορμην
3696,τολμησεις
2190,κηλεον
908,δαιφρονος
2978,πεισει
1908,θηλειων
3115,πολεμικη
2409,μειωσιν
684,ατενιση
2281,λαβομενος
1302,εκελευσεν
723,αχαριστων
3172,πραττεται
419,αναφοραν
1637,εσχατην
3690,τοιουτος
2182,κεφαλης
650,αρτι
3080,πλησιαζειν
2442,μεταβαλων
1232,ειπε
1395,εμυειτο
2692,ομοιωματικω
367,αναγων
2239,κρατει
1344,ελεσθαι
3965,φροντιδος
2207,κληδωνιος
3334,σειρην
186,αδειαν
3359,σιωπη
3447,συμβαινει
1811,ηνιοχει
2682,ολως
3817,υπογραφων
2979,πειση
1941,θρηξιν
2357,λυπει
991,διαλεγεσθαι
3242,προστασσει
1458,εξεθετο
1865,θανατηφορους
1116,δυναται
2541,μυριαδας
316,αλληλους
3931,φιλαλληλον
2950,πασχοντα
3926,φθοραν
1732,εφη
3396,στερεμνιω
2556,ναυσιν
356,αναβιβαζει
2067,κακοπραγουντας
599,απροθυμοι
3471,συναλιφη
1714,ευτροφιας
487,αοριστου
4045,ψηφον
3702,τοξιας
2571,νεφελων
3340,σηκασθεις
2031,καζει
3344,σημαινομενον
2263,κυνηγος
702,αυταις
3347,σημαινων
2388,μεγαν
3192,προειπων
1642,εσχηματισε
2129,κατελθειν
1398,εμφαινεται
744,βαρβαρων
2019,ισχιοις
3616,τεθειται
1079,δοκη
1883,θελων
3380,σπευδει
3322,ρωμη
484,αξουσι
3773,υγιως
3806,υπεροχη
1186,εδουσι
3110,ποιπνυσαντι
1043,διηγησεως
3356,σθενελον
340,αμηχανων
329,αλογως
881,γοργωνος
2518,μοιρας
662,ασητα
2112,καταπληξιν
1872,θαυμασιως
1103,δυικως
534,απην
1560,επιπεδος
241,αισσων
2617,νωθρον
3021,περισσον
3117,πολεμιοις
236,αισθεσθαι
1792,ηλικιαν
2714,ονοματος
2927,παρθενον
649,αρσην
3463,συμφραζομενων
775,βλασφημει
988,διακενος
4003,χαρακτηριζειν
2510,μιμνειν
735,βαλλον
3289,πτωσεως
2163,κελευεις
2118,κατασκοπην
2090,καν
1137,εα
738,βαρβαρικην
4066,ωμοπλατης
357,αναγει
3519,συνθεσις
2314,λεξασθαι
403,αναρτα
4037,χρωμενος
884,γραπτεον
1315,εκον
2691,ομοιον
2672,ολην
2361,λυσεως
608,αργειων
2265,κυνοσουρα
597,απρακτος
3917,φησην
305,αληθες
2628,ξυνιεισα
1283,εκδεθεισης
2896,παρατατικος
3870,φαιαξι
757,βασιλις
1770,ηδυνηθη
197,αερα
233,αιολικω
1614,ερεθισαι
196,αεξετο
408,αναστρεπτεον
2853,παραδιαζευκτικος
3385,σπουδην
324,αλλων
3307,ρειθρω
1064,διττα
3641,τελευταιαν
1169,εγραψαμεν
1151,εγειρειν
698,αυξων
2371,μανθανει
2935,παροδιους
736,βαλων
2608,νου
4000,χαλεπω
3784,υπαντησας
1452,εξαγαγειν
1479,εξωπλιζοντο
327,αλογον
205,αθετητεον
2803,οφεις
2223,κολαστεοι
3438,συγχωρει
3508,συνεσταλμενον
122,perspersfjbLampus
1830,ηρωικου
961,δεχεται
596,αποφυγοντα
3599,ταυτης
1842,ητταν
1377,ελπιζει
710,αφισταται
2358,λυπειν
3566,σχηματι
2189,κηλειω
2813,παιδευει
1493,επαναληψεως
2609,νουθεσιας
321,αλλοτριως
2574,νεων
903,γυνη
3156,ποσω
2852,παραγων
2055,καιρω
3265,προτεροις
3056,πλεθριαιον
4018,χοντιουμεθα
3837,υποστιζειν
2650,οικονομικη
248,αισχυνης
589,αποτομως
1759,ζωα
2243,κρατητα
3697,τολμωσι
3309,ρημα
3609,ταχεως
2997,περατα
455,ανταποδοσις
2641,οιδεον
160,αγγελω
2476,μετριο
49,perspersagbHector
2328,ληγουσα
3037,πηξαι
3038,πιδακες
3990,φυως
3759,τρωσαι
664,ασθενειαν
2042,καθιστας
2155,κεισονται
3407,στικτεον
3118,πολεμιον
3267,προτρεπει
3971,φυγα
631,αριστους
995,διαλογον
2871,παρακαλων
902,γυναικος
3649,τεσσαρα
396,αναπαυσεως
2633,οδυνωμενος
131,perspersgabAntilochus
570,απολεσθαι
2758,ορμα
1607,εργα
3737,τριτη
563,αποκρισιν
2130,κατελιπεν
4054,ψυχαις
373,αναιρεθησεται
2240,κρατειν
4058,ψυχρον
2081,καλουσι
3352,σημειου
286,ακουστον
2652,οικονομικως
536,απηντηκεν
975,δημον
626,αριστερος
923,δειλιαν
1927,θορυβου
1309,εκκλινειν
2233,κορη
181,αγωνι
594,αποφασει
3764,τυγχανων
2946,πας
1999,ιππους
1664,ετυγχανον
2925,παρηορος
2788,ουρανια
446,ανθρωποι
2683,ομηρικη
1041,διεσταλκε
1813,ηνιοχοι
56,perspersajdHermes
429,ανδρων
2595,νοθον
2158,κεκαδησομεθα
3235,προσηκοτως
734,βαλλομενα
2604,νοουσι
2312,λελεκται
2802,οφειλει
2632,οδυνομενος
2688,ομματ
2809,οχλω
1442,εντελειαν
67,perspersbbgIdaeus
808,βροντην
215,αιδεσθη
3505,συνερριζωμενης
2324,λεχθεντα
3247,προσυπακουστεον
2915,παρεστησεν
3460,συμφεροντα
2013,ιστεον
2585,νικαν
2719,οντων
3274,προφερομενος
3832,υπονοων
404,ανασπασειν
1743,εχουσι
1942,θρονου
2464,μετεβη
2123,καταφορωτεραι
3188,προδηλον
665,ασθενειας
3501,συνελασας
1899,θερμος
1901,θετεον
3291,πυκασε
1727,εφανη
4071,ωρα
479,αξιαν
1850,ηττωμενων
1393,εμπροσθεν
2666,οκτω
2033,καθαπτεται
2637,οζει
2487,μηκων
2859,παραθεσθαι
1434,ενηδομενος
3429,στρατου
2884,παραλογως
2416,μεμασαν
3880,φαλαγγος
2513,μισει
1673,ευεργετηθεντων
1581,επιτελεστικωτατον
1113,δυνασαι
3882,φαλακρη
3686,τοιαυτη
66,perspersbbeAeschylus
2557,νεαν
1391,εμποδιζειν
1109,δυναμεως
3622,τεινον
1429,ενεργειας
1435,ενθ
3861,υφεσιν
4075,ωριζεν
754,βασιλικην
2767,ορωνται
141,spherical
1831,ηρωος
1620,ερυκεμεν
450,ανιεναι
477,αξεσθε
1347,ελεχθη
2988,πεπηγε
135,perspershfCallimachus
2521,μονην
2612,νοων
912,δασυνουσιν
2796,ουσα
644,αρπην
2855,παραδοξω
3905,φευγεις
1198,εθαπτοντο
3077,πλην
3625,τειχος
1404,εναλλαγας
974,δημηγορων
3955,φρασσαμενοι
170,αγνοησαντες
2695,ομολογημενον
1414,εναντιωσιν
3901,φερονται
1875,θεια
3684,τοιαυτα
3346,σημαινουσι
812,γαμετην
2711,ονομα
2052,καιρον
1544,επικινδυνον
3387,στας
3692,τοιουτων
1761,ζωον
4052,ψυχαγωγει
509,απειθουσας
4062,ωκοδομηθη
3399,στηναι
391,ανανδρος
1006,διαπορητικος
1748,εχω
3541,συνωρισι
3087,ποια
507,απεδεξαντο
1207,ειατο
3862,υφορωμενος
3579,σωφρονουν
1284,εκδειματουν
3026,περιφραστικως
911,δασυνεται
1961,ιδην
1066,διφυα
1488,επαινουμενος
1520,επετεινε
522,απεκυλησε
283,ακουουσιν
1763,ζωω
3099,ποιητικη
2829,πανοπλιαν
1337,ελαυνοντος
265,αιψα
3164,πραγματευται
4048,ψιλως
1483,επαγεται
117,perspersfbjNemesis
136,perspershhApollonius
1252,εισαγει
3070,πληγην
1167,εγραφεν
2611,νους
1324,εκτος
1793,ηλιον
1127,δυστυχιαις
758,βεβαιωτικος
2079,καλος
2283,λαζυτο
3775,υδατα
2491,μηνυσω
1988,ιους
977,δημωδες
2466,μετενηνεκται
2833,παντη
706,αφαιρεσεως
2345,λογοι
3744,τροπη
3238,προσιστορουμεν
2206,κλειοντος
28,perspersaagNestor
2514,μισελλην
2638,οια
1068,διχως
2492,μηποτε
1701,ευπρεπης
2304,λεγουσα
1705,ευργεσιας
1345,ελευσινα
2739,οπταν
776,βλαψω
1597,επληθυεν
2717,οντι
1666,ετυμολογων
1290,εκει
1189,εδρασεν
3160,ποτηριων
2321,λεπτην
2971,πειθομενος
353,αναβαθμοις
3769,τυχειν
1505,επεκρατησεν
1623,ερχεσθαι
1622,ερυσαι
3493,συνδεσμον
3707,τοξου
3534,συντεμνει
3584,ταμνειν
3807,υπεροχην
3480,συναπτεον
973,δημηγορει
3360,σιωπηθεν
147,αβεβαιος
3120,πολεμιους
1779,ηθος
1272,εκαστην
2282,λαβων
1958,ιδαιον
1982,ικανον
1667,ευβοιας
3567,σχηματος
1379,εμβαλλομενας
3585,ταξεες
2839,παραβαινοντες
3143,πονου
1173,εγχρονιζειν
3954,φρασις
3335,σεισμου
2872,παρακειμενοι
1303,εκιδνατο
1205,εθος
2376,μαχεται
2851,παραγινομενος
146,αβεβαιοι
749,βασιλειαν
1463,εξευτελιζοντα
628,αριστης
3130,πολλαι
390,αναμνησις
380,ανακαλεσασομεν
3547,συστροφη
2969,πειθητε
2916,παρεσφαλη
3012,περιοδον
3627,τεκαι
1334,ελασσους
193,αδυνατα
3132,πολλακις
2551,νασταθμου
1653,ετερως
2379,μαχης
2720,οξεια
3708,τοποθεσιαν
1129,δυστυχουσι
3398,στηκος
3823,υποθεσιν
2497,μητε
3799,υπερη
271,ακαταλληλως
2020,ισχυν
1496,επαρεπεμψατο
335,αμειουντες
1086,δοξης
2965,πεζων
577,αποματτεται
89,perspersdgPoseidon
214,αιγυπτιος
3748,τροφην
3522,συνιεις
2575,νεωστι
3863,υψους
714,αχαιας
3282,πρωτολογει
493,απαιτει
2113,καταπτηξαντες
552,αποδοσις
2467,μετεορα
1550,επικρατει
1470,εξηπται
3142,πολυς
1035,διεγειρων
1184,εδιωκεν
1216,εικαζειν
134,perspershZeus
3725,τουτους
3228,προσεθηκα
1194,εζεσθιν
2731,οπλιζεται
3517,συνθεσεις
3621,τεινομενα
3357,σθενους
1048,διηρεθη
1514,επεπληρωτο
569,απολεσαι
3145,πορευεσθαι
473,ανωγοι
1440,ενιοις
1231,ειξαντος
871,γινωσκεται
2600,νομιστεον
3798,υπερεχοντων
1286,εκδεξασθαι
2302,λεγονται
2193,κηρα
1758,ζυγω
394,αναξιως
2073,καλειται
3328,σαφες
2173,κεραυνοις
2401,μειζονος
1852,ηυτ
816,γαυρια
3186,προγεγονοτων
2184,κεχρηνται
2126,καταφρονων
4005,χαριεν
3314,ρητορικως
2569,νευουσας
3055,πλατος
410,αναστρεφουσιν
3144,πορειαν
1472,εξιεναι
1013,διαστημα
2128,κατελεξεν
171,αγνοουντες
3442,συλλαβων
2083,καλυποντος
2025,ισω
2500,μια
2808,οχηματα
1754,ζυγιους
3091,ποιησας
2422,μενα
2332,λιβυης
4072,ωραι
108,perspersfahMedusa
932,δεινοις
1930,θουσια
2958,παυσιν
1212,ειδυιαν
2407,μειουντες
4016,χερμαδιον
1997,ιππος
654,αρχη
2,-
675,αστεροεντος
124,perspersfjdXanthus
2068,κακος
1847,ηττονα
312,αλλαχου
3787,υπαρχοντα
81,persperscbcDionysiusofSidonius
3152,πορρωθεν
2791,ουρανος
2289,λεγει
2127,κατεκλειθησαν
2827,πανομφαιος
3234,προσηγοριας
1311,εκληθη
1551,επιλαθεσθαι
1490,επαμυναι
1081,δοκουν
1101,δυικον
2003,ισης
2785,ουκεθ
3660,τεχθηναι
9,9
1078,δοκευει
1003,διαπερυσιον
1697,ευμενης
1230,ειξαι
2323,λευκην
409,αναστρεφεται
3187,προγενομενην
2366,μακεδονιας
1911,θηραις
1643,εσχηματισται
1527,επηρεαζονται
2251,κρισει
1420,ενδον
916,δεεμος
88,perspersdfcGlaucus
2417,μεμενηκεν
759,βεβηκεν
2287,λανθανομεν
2512,μιμουμενος
2092,καρη
1474,εξοδοι
3138,πολυλαλον
3561,σχετλιαζουση
1806,ηναντιωτο
1348,ελθοντα
1269,εκαλεσαν
2986,πεντε
1209,ειδον
311,αλλαπλουστερον
281,ακουοντας
636,αρματα
2014,ιστησι
3896,φερειν
1178,εδαμνατο
2100,καταιδη
174,αγορα
634,αρμα
2178,κερμα
2197,κηρον
496,απαντες
3518,συνθεσιν
322,αλλου
1890,θεος
3996,φωτι
3721,τουπισω
1694,ευλαβεισθαι
3456,συμμαχιας
3009,περικεχυμενου
550,αποδεικνυται
2834,παντοιων
3818,υπογυιον
1879,θελει
2930,παριουσι
3829,υπομνηματων
910,δασμον
985,διαιρει
2923,παρηορμεν
2080,καλουμενος
765,βελος
3667,τιθησι
2423,μενει
262,αιφνιδιως
320,αλλος
3046,πιμελην
1804,ηναντιουτο
3112,πολεμει
787,βοραν
1567,επισκυνιον
151,αγαθη
1587,επιτροπω
1328,εκωλυσεν
1386,εμος
1182,εδεξαντο
1349,ελθοντες
4039,χρωνται
2768,οσοι
2353,λοιπα
244,αισχρον
1112,δυνανται
3401,στιγμαι
1513,επεξηγειται
3200,προθεσις
1736,εχαρισατο
1262,ειωθαμεν
2806,οφρ
1931,θοως
2663,οιομενοι
3283,πρωτους
277,ακοντιστης
1060,δις
2269,κυριως
854,γεωργιας
2133,κατεπιεν
1264,ειωθεν
1271,εκαστη
3185,προγεγονοτα
549,απογονος
1162,εγκρινει
4006,χαριζομενα
1833,ησθα
34,perspersaceMetis
1508,επεμεριζετο
50,perspersageDidymus
728,βαθυτατω
243,αισυνηθεν
194,αδυνατον
2436,μεσου
1291,εκειθεν
1206,ειασεν
2338,λιπους
2292,λεγεται
572,απολογιαν
2552,ναυ
1837,ησσωνται
1281,εκβασεων
3214,προπεριεσπασαν
3086,ποδα
3932,φιλελλην
746,βαρειται
1417,ενδεικνυσθαι
106,perspersfafCerberus
2148,καυχηματικωτερους
1428,ενεπεσον
2562,νεκρων
2159,κεκλιται
2270,κυων
2567,νεσεσι
1254,εισελασει
3327,σας
1707,ευρεια
2942,παροσον
440,ανεωχθησαν
2097,καταβοωσα
3315,ρητωρ
1577,επιτασει
1072,διωκομενους
3678,τιτρωσκομενοι
3589,ταραχου
1838,ητγαν
3854,υποχωρουντας
3565,σχημασι
2618,νωι
1853,ηυτε
362,αναγκαιως
47,perspersagHomer
2875,παρακουσαι
2404,μειλησιος
1950,θυμω
3594,τασιν
407,αναστηναι
892,γραφοντα
1011,διασταλτεον
3998,φωτος
3126,πολεμω
931,δεινοεπες
1093,δουρειου
1148,εγεγραπτο
3027,περιωριζεν
1450,εντος
1314,εκοινοποιησε
1176,εδακρυσεν
3867,φαει
2674,ολιγου
1757,ζυγου
3846,υποσχεσις
2253,κροκοπεπλος
2468,μετετεωρω
2498,μητερα
3446,συλλογος
3626,τειχους
3202,προθυμοι
2821,παλαιστης
858,γηρως
1010,διασκεψεως
2693,ομοιως
983,διαθεσει
673,ασταχυς
251,αιτιαν
1503,επεισθη
2164,κελευσεως
112,perspersfbcAlcaeus
3778,υδρας
3910,φευγοντων
2091,καπι
1457,εξαναστησεται
3911,φευγουσι
1468,εξηι
3215,προπερισπα
1616,ερευθαγιωoς
2486,μηκος
1191,εειπες
1293,εκεινο
2592,νοειν
1094,δρακοντος
86,perspersdcGaea
3913,φευγων
2374,μαστιγα
207,αθετουνται
2781,ουδετερον
3665,τηρωθηναι
518,απειναι
4026,χρησομενος
1401,εμφαντικωτερον
651,αρχαις
2132,κατενεχθησεται
2499,μητρυα
1193,εζεσθεν
2643,οικαδε
3256,προσωποις
2177,κεραυνων
1037,διεγερθηναι
1092,δοτικη
2667,ολα
430,ανεγνω
1877,θειον
2101,καταισχυναι
2463,μεταχειριζεται
1477,εξοχαι
2614,νυκτερινω
23,oχηματα
264,αιχμαλωτος
3884,φαμερον
1366,ελληνικον
68,perspersbbjTros
3486,συναρμοζοντος
1297,εκεινω
945,δεξιουσθαι
3777,υδατων
1335,ελατον
3969,φροντις
130,perspersgaHeracles
2762,ορνις
1361,ελλειψιν
2565,νεοτητι
1088,δορατων
3107,ποιος
862,γιγαντομαχια
3454,συμης
1594,επιφερομενη
3895,φαυλιζει
3802,υπερθεν
336,αμελει
2964,πεζον
2472,μετηνεχθησαν
2847,παραβολικον
468,αντιστη
958,δευτερους
2635,οδυσσειαι
2838,παπτηνας
639,αρμοζει
195,αελλοπους
4040,χωλανω
1163,εγκυον
3203,προθυμος
1684,ευθεως
2743,οργην
2858,παραθαρσυνει
2381,με
2745,οργιζομενος
904,δαιμονα
2373,μαρτυρει
3169,πρασσειν
222,αιθoνα
3833,υποπτευουσι
1436,ενθεν
3772,τωδε
774,βλαπτει
2166,κενον
1233,ειπειν
1214,ειεν
276,ακοντισαι
2938,παροξυνει
3182,προβατων
3987,φυσεως
3391,στεινος
1893,θεους
806,βραχυ
560,αποκλειομενων
3597,ταυτας
3162,πραγματα
532,απεχυρoσθαι
2218,κοινος
1055,διοριζεσθαι
2766,ορων
1305,εκινδυνευσεν
435,ανεμος
2098,καταγωνιζεται
1876,θειαν
2782,ουδετερου
1460,εξεκαυθη
1196,εζητηται
4069,ωνειδισεν
1363,ελλην
270,ακαταλληλον
1885,θεοι
1190,εδωκεν
33,perspersabgAjax
909,δαιω
677,αστραπη
4002,χαρα
3716,τοσουτω
1924,θοαντος
3183,προβεβλημενον
3662,τεως
1627,ερωτησιν
1034,διεγειρομενος
2553,ναυπηγος
482,αξιωσαις
527,απετισαν
1061,δισκευτης
2967,πειθει
5,188
2453,μεταπλασμον
3637,τελεον
1682,ευθειας
1119,δυοιν
1312,εκλογη
1948,θυμος
748,βαρυνεται
747,βαρυνει
282,ακουοντων
418,αναφορα
556,αποθεραπευθησεσθον
954,δεσμον
4009,χειρ
3379,σπανιος
2259,κυνα
1484,επαγομενα
1042,διηγησασθαι
393,αναξιος
1784,ηλαυνε
674,αστεροεντα
1331,ελαμβανεν
2349,λογου
3069,πληγεις
1097,δυειν
437,ανεπεισεν
1824,ηπλωθη
2396,μεθελκυση
1310,εκλατο
1499,επειγομενη
1685,ευθηνουντα
2505,μικρα
2528,μονουν
36,perspersadHellen
1082,δοκουντα
2898,παρατεταμενους
25,perspersaaaScamander
3417,στρατευμα
1721,ευχης
3537,συντομιας
3440,συλλαβην
3064,πλεον
3224,προσδεχεσθαι
2828,πανομφαιω
783,βοηθη
1747,εχρωντο
3331,σαφως
769,βιαζει
1657,ετησιων
476,ανωτερω
1715,ευτυχη
2770,οσω
3709,τοπον
1981,ιθυσε
3992,φωνηεντι
2991,πεποιηκε
287,ακραι
341,αμιγει
3261,προταξαι
2443,μεταβολαις
1980,ιθυνεται
583,αποστησομεθα
3195,προειχον
44,perspersafAristarchus
2429,μεριμνησαι
811,βωμος
2150,καυχησεται
3161,πραγμα
1571,επισταμενοι
29,perspersaahOdysseus
3623,τειχει
2976,πειρωμεθα
2414,μελλουσιν
1089,δοριον
576,απολωνται
159,αγγελου
3650,τεσσαρας
2012,ισταται
1279,εκατερωθεν
3553,σφαιροειδως
1018,διατελλουσιν
785,βοην
3741,τριτωνος
782,βοηθειν
1775,ηθετει
2751,ορθρον
463,αντιλεγειν
360,αναγκαις
781,βοηθειας
3735,τρισι
1822,ηπειρων
1524,επηγαγεν
2137,κατηγωνισατο
2431,μερος
2495,μηστωρα
1829,ηρωες
3040,πιθανον
3191,προειπεν
3481,συναπτεσθαι
800,βουλομενος
1926,θορυβον
1418,ενδεικνυσθε
618,αριθμηθηναι
2181,κεφαλας
1080,δοκοιη
2032,καθαπερ
1840,ητοιμαζε
402,αναρμοστως
2318,λεοντες
413,ανατρεπτεον
950,δεσ
3659,τεχθεντα
3285,πτηνων
110,perspersfbaOphion
2564,νεολκιας
501,απαρακαλυπτως
234,αιρεσθαι
3562,σχετλιαζων
272,ακαχοιτο
182,αγωνια
3897,φερεται
1537,επιεικες
3894,φατναις
470,αντιταξεται
3959,φρικωδεστατον
1215,εικαζει
2104,καταλαμπεται
3532,συντεθειται
1638,εσχατον
1038,διελαβομεν
1364,ελληνας
943,δεξαιτο
1406,εναντιας
2694,ομολογειν
1541,επιθετων
629,αριστοι
1407,εναντιος
359,αναγκαιον
4,172
2489,μηνιγγα
1516,επεσπασαντο
2596,νοθος
3780,υλακτων
3824,υποθηκης
1057,διοσημειας
2728,οπισθεν
853,γεφυραν
630,αριστον
2747,ορεσινομιας
2451,μεταμεληθησεται
3017,περισπασθησεται
2588,νικην
2704,ομως
2420,μεμνηται
2384,μεγαλη
4020,χρειαv
1408,εναντιουμενον
2334,λιθων
119,perspersfheTheia
2169,κεντρον
3888,φανερον
2703,ομωνυμως
2434,μεσον
1894,θεραπευεται
2735,οπλων
2888,παραπτηναι
1114,δυνασθαι
3763,τυγχανη
4004,χαρακτηρος
2254,κτασθαι
2077,καλλους
3906,φευγομεν
948,δεους
1785,ηλαυνεν
3088,ποιειν
3257,προσωπον
1558,επιοντων
3325,σανευρα
3262,προταξαιαλλ
3790,υπεκλυοντος
1795,ηλιου
4057,ψυχοστασιαν
187,αδελφην
3268,προτρεπτικον
647,αρσενας
1668,ευδιαν
3084,πλουν
4076,ωρισμενον
2359,λυπηση
3732,τρεπει
109,perspersfaiStyx
3618,τεθριππου
445,ανθρωπινον
453,αντα
3402,στιγμεν
1633,εσκεφθαι
1791,ηλικια
3194,προεισι
872,γλουτοις
2945,παρωχημενου
3270,προτροπην
3045,πικραινη
297,ακροωμενους
3428,στρατιωτων
2049,καιπερ
24,perspersaAchilles
3081,πλησιαζουσιν
3488,συναφες
1946,θυμοειδες
2378,μαχην
1552,επιλαμβανεται
959,δευτερω
3723,τουτεστιν
1889,θεομηνιαν
3244,προστεθεινται
464,αντιος
2094,καρπω
3640,τελεσφορηθεισης
3223,προσαρωντες
3339,σεμνος
1005,διαπορευσιμον
447,ανθρωποις
480,αξιοι
3834,υπορραιβος
1400,εμφαντικως
633,αρκτικον
3409,στιχον
3073,πληθος
3246,προστιθησιν
1881,θελησειας
3159,ποτερον
1104,δυναιτο
913,δεδεγμενος
3991,φωνη
2183,κεφαω
2544,μυστηρια
268,ακαιρος
3237,προσθειναι
830,γενεσθαι
3278,πρων
1647,ετερα
792,βουλεσθε
2214,κοινη
2231,κοπει
1222,εικων
3964,φρονουντες
2461,μεταφορικως
3774,υγρα
3916,φησει
1121,δυσελπις
1498,επειγεσθαι
471,αντωνυμια
1878,θειου
2346,λογοις
681,ασφαλης
2310,λειται
888,γραφην
4083,⁚
1547,επικουριας
2198,κηρω
1025,διαφοραν
239,αισιος
2606,νοσους
567,απολειται
3742,τριχας
2340,λιτω
2715,ονοματων
3724,τουτοις
3065,πλεοναζει
3836,υποστιγμης
780,βοηθειαν
3843,υποστρεψαντων
2926,παρηορους
1540,επιθετον
3632,τελειας
150,αγαθα
1405,εναντια
3312,ρητεον
2145,καυστικον
3123,πολεμοις
3419,στρατευματος
1343,ελεεις
1059,διπλη
1671,ευεργεσιας
361,αναγκαιων
3873,φαινειν
848,γερας
3208,προκαταρχειν
621,αρισταρχειος
1049,διηρηκεν
1735,εφυγον
3779,υιος
411,ανατολην
914,δεδεχεσθαι
882,γραμματικω
1821,ηους
2480,μετρον
3306,ραψωδιαν
1455,εξαιρετον
1979,ιθυνειν
1786,ηλεγξεν
2278,λαβε
3545,συστολας
1856,ηφαιστοτευκτον
743,βαρβαρους
169,αγνισθεις
3639,τελεστικωτατον
2152,καυχωμαι
3248,προσφυως
2832,παντευχιαν
1805,ηναντιωται
976,δημος
3412,στιχους
2790,ουρανον
3528,συνταξιν
753,βασιλευς
2668,ολαι
2826,παννυχιον
2933,παρνασου
542,απιστον
670,ασπιδες
2172,κεραυνιου
2502,μιανθην
2393,μεγιστον
428,ανδρος
1892,θεου
375,αναιρουμενων
3781,υλη
3730,τρειν
3543,συστελλων
1365,ελληνες
1053,δικην
3100,ποιητικην
679,ασυναρθρως
3752,τρωες
870,γινωσκειν
2598,νομικως
3007,περιεχοντα
1788,ηλενται
2368,μακροθεν
1920,θητι
3866,φαγεσθαι
2410,μελει
1122,δυσεως
947,δεοντως
2992,πεπονημενα
1586,επιτροπης
3050,πιστευει
96,perspersegfIstros
3478,συναπτει
2109,καταπεπληχθε
2529,μονους
986,διαιρεσιν
3701,τοξευειν
2171,κερασιν
3604,ταφρου
3838,υποστιζεσθαι
2940,παροξυτονως
3921,φθεγγομενη
2095,καρων
2329,λημνω
3444,συλλεγεσθε
2432,μεσημβριας
3333,σειομενης
2469,μετεωρος
1787,ηλεηται
1247,ειρηται
1033,διεγειρει
1855,ηφαιστοτευκτα
2577,νεωτεροι
2673,ολιγα
2096,καταβασεως
1882,θελοντα
1087,δορατι
657,αρχομενην
348,αμφοτερας
3513,συνηγαγε
2271,κωκυτου
3999,χαλεπον
2325,λεχος
417,αναφερων
1619,ερουσιν
1359,ελλειπει
1742,εχουσης
2462,μεταφρενον
506,απεδανος
603,απτον
3386,σταρτησσω
1609,εργον
376,αναιρουντα
3970,φρονων
3516,συνηθη
2356,λυει
4029,χρηστοτητα
2880,παραλελειφθαι
1569,επισπασαιτο
1501,επειον
2550,ναρκησε
1772,ηεροειδης
1874,θεαιναι
2658,οικτρος
2649,οικον
2250,κρινη
845,γενος
3177,προαιρεσιν
3168,πρασσει
3239,προσλαβον
2441,μεταβαλλεσθαι
2886,παραπλησια
1223,εικως
2581,νηος
935,δειξαι
3661,τεχνικως
3451,συμβολην
3668,τιθησιν
71,perspersbgfPodargus
1150,εγειρει
521,απεκρυψεν
1632,εσκεπασε
3427,στρατιωτης
2483,μηδε
1884,θεοδμητα
1712,ευτελεις
3521,συνθετως
1575,επιστροφην
127,perspersfjgEreuthalion
4055,ψυχας
3468,συναγει
2737,οποτε
3355,σημερον
1202,εθελησεις
2830,πανταχοθεν
1481,επαγγελιαν
1938,θρασυτερον
3656,τετιμημενω
3860,υφεν
1213,ειδωλον
1641,εσχε
767,βελτιον
1557,επινον
3902,φερων
2819,παλαι
3629,τεκων
1158,εγκλιτικα
3476,συναπολλυσι
3552,σφαιροειδης
2689,ομματα
2849,παραγενομενος
2944,παρωξυνται
389,αναμενει
2644,οικεια
2026,ιχνηλατων
972,δηλωτικον
1320,εκρατουν
3575,σωτηριαν
3303,πυρος
57,perspersajgChrysippus
956,δευτερον
619,αριθμον
1803,ημων
1688,ευθυς
3230,προσεθηκεν
994,διαλεωεται
3958,φρενας
957,δευτερου
1154,εγκερασασα
2955,πατρονυμικον
2548,ναι
764,βελη
2970,πειθομεθα
258,αιτουσι
4008,χαριτος
2773,ουδαμη
3290,πυκαζειν
579,αποπληρουν
2943,παρουσια
313,αλληγορια
3219,προσαναβαινοντος
1992,ιππιος
2744,οργης
2363,μαθηματα
354,αναβαινειν
2255,κτωμενον
299,ακρωτηρια
3694,τοιχους
1800,ημερας
3462,συμφοραν
3994,φωνης
1308,εκκλησιας
3949,φοβουντος
3254,προσωδιας
3467,συμφωνως
231,αιξε
3869,φαεινην
2268,κυριον
2815,παιδος
432,ανεκλασε
1940,θρεμματα
3151,πορρω
3673,τινας
2035,καθαρος
1518,επεται
3102,ποιητικως
3889,φανερως
624,αριστειαν
1691,ευκαστον
1071,διωκομενος
114,perspersfbfXanthus
827,γελοιοτατος
4080,ωσει
2156,κειται
2616,νυξ
3103,ποιητικωτερον
3887,φανεροι
2622,ξενας
337,αμελουντες
3263,προταξας
2202,κινει
804,βραχεια
3768,τυραννικως
2887,παραπλησιον
363,αναγκεις
378,αναιρουσιν
2460,μεταφορας
176,αγορην
2755,οριζοντι
2753,ορθως
2220,κοινωνουντος
1317,εκουσιως
2994,πεπραγματευται
2857,παραζευξεις
2710,ονετωρ
3619,τεθριππω
1974,ιδω
3891,φαντασιαν
2394,μεθ
2549,ναον
3054,πλατης
901,γυναικι
2071,καλει
553,αποεργει
1443,εντελες
2699,ομοψυχειν
3822,υποζευξαι
1915,θηριου
3733,τρεπων
796,βουλολομενος
2885,παραμυθειται
1329,ελαβε
2107,καταλελοιπε
3879,φαινουσα
2626,ξυλα
3392,στενην
3302,πυρον
392,αναξιον
370,αναδιπλασιασμω
622,αρισταρχος
3795,υπερβολην
2276,κωλυσαι
3189,προδιελυσε
3612,ταχους
2947,πασα
2659,οιματα
2175,κεραυνου
3136,πολλου
2525,μονομαχησαντα
74,perspersbhaAjax
489,απαγγειλαι
793,βουλεται
2405,μειναι
580,αποπληρουσα
1868,θανατου
2538,μυθον
2867,παραιτητεον
1160,εγκλιτικος
1989,ιππηες
2117,κατασκοπη
2879,παραλελειπται
1556,επιμελειαν
2584,νηων
3383,σπευσομεθα
3893,φαρους
105,perspersfaeDiogenes
2572,νεφη
1605,εραν
4028,χρηστας
2685,ομηρικον
1573,επιστρεφομενον
1606,εραστης
3029,πεσσοι
2972,πειραθητε
1709,ευρυοπα
1589,επιφανειαν
1713,ευτελιζων
2846,παραβολης
1339,ελαφρως
2877,παραλαβοντος
992,διαλεγεται
1239,ειπουσα
15,and
949,δερος
2315,λεξεσιν
538,απηυρας
1968,ιδιου
1731,εφεροντο
1977,ιερος
2069,κακως
867,γινομενον
2375,μαχεσθαι
875,γνησιους
2881,παραληπτεον
2028,ιωνικως
3924,φθονεσαι
2968,πειθεσθαι
2837,πανυ
1100,δυικοις
3904,φευγειν
3758,τρωος
2449,μετακεινται
6,2
1419,ενδεκατον
1106,δυναμενοι
3682,τλη
1307,εκκλησιαζοντας
3390,στεινει
2646,οικειοτερον
4023,χρειωδεσι
3388,στασει
3849,υποτιθεται
1820,ηνυξ
2597,νοθους
4013,χειρος
818,γεγονε
139,place
3746,τροπου
3497,συνειργομενων
405,αναστελλει
1126,δυστυχια
524,απελειποντο
104,perspersfadTelamon
1530,επιβατας
640,αρμοζουσιν
2922,παρηοποι
1500,επειδη
3395,στενοχωριαν
3349,σημαναι
1195,εζητειτο
1229,ειναι
3430,στραφηναι
1522,επεχουσαν
2591,νικωμενος
1432,ενερθ
3057,πλειονα
302,αλαζονεια
2454,μεταπλασμος
43,perspersaehPatroclus
2778,ουδενος
539,απηχθημεθα
2018,ισχια
1453,εξαγειν
646,αρρενωδεις
3789,υπεζευγνοιεν
39,perspersadfHyperion
3975,φυγην
849,γεροντα
3127,πολεως
2364,μαι
2698,ομοφυλους
3133,πολλας
443,ανθ
2890,παραστησαι
3512,συνεχη
1655,ετετυξο
2481,μετυον
4022,χρειας
1592,επιφερει
3432,στροφην
837,γεννηθεισαν
2224,κολαστηριον
3564,σχημα
3685,τοιαυται
2245,κρατων
1835,ησσον
2134,κατεπτηχοτας
3147,πορευσομαι
2835,παντος
3367,σκηπτρου
1062,δισσον
3907,φευγοντας
2729,οπλα
3472,συναλιφην
3062,πλειστον
1069,διωκει
2542,μυριαδες
3615,τεθει
2656,οικτον
2909,παρεμεινε
2524,μονομαχησαν
2687,ομιλω
1741,εχουσα
161,αγερθεν
2452,μεταξυ
3368,σκιαζεται
1773,ηεροεις
2347,λογον
1412,εναντιουται
727,αψυχων
209,αθλου
3134,πολλην
3431,στρεψαι
2509,μικροφθαλμος
2266,κυνων
323,αλλοφυλους
3714,τος
545,απλως
1098,δυικα
2412,μελλον
3227,προσδοτεον
2647,οικειουται
1096,δρωμενα
201,αετου
3085,ποα
1949,θυμου
593,αποφαινουσα
554,αποθανειν
1708,ευρεως
3950,φονευσαι
1491,επαμυνοντος
602,απτομενη
968,δηλος
2034,καθαπτομενη
869,γινωσκει
1858,ηφανισμενη
461,αντευηργετηθην
3414,στοιχειον
1456,εξακουεσθαι
1030,διδοντος
2836,παντως
1817,ηνιοχουντα
1346,ελεφαντινων
3993,φωνην
683,ατακτον
2517,μνησθεις
2631,οδους
2308,λειπει
3226,προσδοκια
695,αυξησεως
3674,τινι
586,αποσφαλεις
3782,υπακουειν
1801,ημιστιχιον
423,ανδρας
3814,υπηρχον
1964,ιδιαν
2627,ξυλων
3944,φιλοφρονως
817,γεγενησθαι
2187,κηδεσται
2547,ν
2948,πασης
865,γινομενας
3598,ταυτη
210,αθλων
3671,τιμησας
2386,μεγαλορημονουν
1826,ηρεμει
3755,τρωθεντος
3989,φυσιολογειν
2900,παρατηρησις
91,perspersdhePtolemyofAscalon
1955,ιασιν
1410,εναντιους
3939,φιλοτιμον
866,γινομενην
4038,χρωμενων
3853,υποχωρησαντος
1439,ενιοι
173,αγνωμων
3974,φυγη
4033,χρονου
2716,οντας
989,διακοψαι
2615,νυκτος
4065,ωμον
355,αναβηναι
1200,εθαρρουν
1181,εδει
568,απολελυται
204,αθετειται
907,δαιτρευειν
2985,πεμπουσιν
3718,τοσσον
880,γοργω
2508,μικρου
384,αναλκιας
1778,ηθικως
2697,ομοτιμον
2147,καυχασθαι
2545,μωμησαι
42,perspersaeZenodotus
2144,καυσαι
605,απωλειαν
3372,σκυλα
2580,νηνεμιην
696,αυξησιν
1174,εγχωρει
3946,φοβερον
255,αιτιον
2006,ισον
3287,πτοεισθαι
1718,ευχερως
291,ακριβολογειν
3919,φθγειν
1487,επαινεσας
1261,ειχον
3500,συνεκδοχικων
2593,νοεισθαι
3437,συγχυσιν
1399,εμφαντικη
3706,τοξοτιν
2036,καθαρως
3676,τισαι
94,perspersePindar
2630,οδον
814,γαργαρον
3277,προφυει
3900,φερομενου
3643,τελευτης
1032,διδωσιν
128,perspersfjhEniopeus
1579,επιταφιω
835,γενικης
3592,ταρταρον
38,perspersadePriam
2146,καυστικος
2016,ιστορια
3502,συνελασθαι
1143,εαυτων
939,δεμας
2186,κηαι
951,δεσθαι
2194,κηρας
3857,υποχωρων
944,δεξιουμενος
1451,εντρεπουσα
1065,διττον
3494,συνδεσμος
175,αγοραν
3225,προσδεχομενος
2037,καθεδρας
1549,επικουροις
3093,ποιησει
1561,επιπηδα
2135,κατεχων
613,αρης
2352,λογων
2322,λεπτον
1480,επαγαγοι
2995,πεπτωκεν
3384,σπουδαζει
1608,εργατης
3166,πραγματων
1687,ευθυντωρ
3966,φροντιζει
3734,τρεφειν
713,αφωτιστον
3683,τοαν
641,αρνες
149,αβουλω
2527,μονου
701,αυται
979,διαβασεις
2587,νικη
65,perspersbbbThoas
3514,συνηγογε
1115,δυνατα
2261,κυνες
1953,θωρακα
719,αχαιους
3601,ταυτω
831,γενεσιν
1299,εκεκλαστο
3378,σπανιον
1074,διωκοντι
3473,συναλιφης
319,αλλοιωτικη
3705,τοξοτης
3631,τελειαν
3174,πρεσβυτην
1812,ηνιοχειν
1199,εθαρρησαν
2291,λεγεσθαι
2844,παραβεβληται
823,γεγραφθαι
1437,ενθουσια
420,αναφωνησεως
3006,περιεσται
1991,ιππικην
3930,φιλαληθως
3608,ταχεις
2232,κοπεισα
3232,προσεχετωσαν
1663,ετρωθη
1957,ιαχον
3433,στωικοι
2546,μωνυχας
242,αισυμνηθεν
1015,διαστολη
224,αιθηρ
692,ατυωουν
2360,λυσε
177,αγρια
3981,φυλαξ
676,αστραγαλισκων
3655,τετηρηται
1168,εγραφετο
2501,μιαν
3258,προσωπου
1039,διελθων
3794,υπερβολαις
1085,δοξη
3540,συνωριδος
2566,νεου
1285,εκδειματουσα
523,απελειπετο
2586,νικαται
3153,πορρως
3524,συνιηι
3071,πληθει
2702,ομωνυμος
2455,μεταστησαντος
2188,κηδομενην
77,perspersbhjTheseus
1466,εξηγησιν
172,αγνωγοι
2141,κατορθωμα
2382,μεγ
685,ατεχνος
1036,διεγειρων᾿
773,βιωτικα
3549,συτελλων
1739,εχη
3366,σκηπτρον
358,αναγκαιοις
414,αναφερει
1625,ερω
1669,ευδοκιμειν
1814,ηνιοχον
116,perspersfbhEumolpus
3317,ριου
3963,φρονιμως
3218,προσαν
279,ακουντας
962,δεχομενον
1905,θηβαιου
3765,τυξεται
2670,ολειται
2074,καλη
1745,εχρησατο
860,γιγαντας
4077,ωρμα
2893,παρατασει
3483,συναπτηται
1117,δυνηθεντων
1859,ηων
3363,σκελος
3158,ποταμω
2954,πατρι
4024,χρησιν
1338,ελαφους
3915,φημας
502,απαραποιητος
528,απεχει
1861,θαλασσα
2732,οπλιζοντο
46,perspersafhNereus
3754,τρωεσσιν
152,αγαθην
839,γεννωσαν
3510,συνεχες
3404,στιγμην
250,αιτει
1342,ελεεινον
2063,κακοπαθειν
610,αρεσκει
1185,εδοξεν
1922,θνητον
2176,κεραυνωθεις
1939,θρασυτερος
707,αφανες
1504,επεκαμφθη
1807,ηνια
686,αττικοι
1724,ευχονται
2413,μελλοντα
2341,λογαδες
3441,συλλαβης
1245,ειρημενα
3791,υπεκοριζετο
40,perspersadgHelius
3652,τεταγμενον
2856,παραδοσις
245,αισχροτερον
3245,προστιθεναι
3119,πολεμιου
1095,δραν
1848,ηττονι
1155,εγκεφαλον
1111,δυναμις
1916,θηριω
2372,μαντις
3364,σκεπαν
2951,πατερ
1251,εισαγαγων
2738,οπου
3176,πρι
1341,ελεγον
3122,πολεμιων
660,αρχοντων
2845,παραβολη
1753,ζυγιοι
1278,εκατερου
1621,ερυκεν
672,ασπιδων
444,ανθρωπινη
3058,πλειονες
3731,τρεις
3020,περισση
1819,ηνιοχω
2602,νομος
342,αμυναι
2284,λακωνικης
762,βεβληται
3677,τισι
3381,σπευδειν
2824,παλλειν
1521,επετραπεν
3206,προκαταρξαμενη
2861,παραι
3713,τοπων
460,αντευεργετηθην
3053,πλαστιγγι
2044,καθολικον
2448,μεταθησει
3803,υπερθεσιν
1672,ευεργετεισθαι
1808,ηνιαντιωται
3729,τραχυ
2161,κελαδησαν
1610,εργου
3504,συνεργουσαι
1236,ειποι
3743,τριων
2866,παραιτειται
2474,μετοχην
1994,ιπποιν
786,βολης
1548,επικουροι
2279,λαβειν
1357,ελκοντα
3470,συναθετειται
1903,θεω
1580,επιτεινει
162,αγεται
494,απαλον
2949,πασι
3095,ποιηται
2734,οπλον
3786,υπαρχον
93,perspersdjApollo
2787,ουραν
3067,πλεονασαν
1972,ιδον
3014,περιπετεια
2065,κακοπαθουντα
3940,φιλοτιμος
1157,εγκλισεων
2953,πατηρ
2428,μερη
3157,ποταμον
2439,μεστος
2765,ορω
1073,διωκοντα
1612,εργων
514,απειλης
2862,παραιβατην
885,γραφει
2110,καταπετασας
807,βριθομενη
3757,τρωικης
3740,τριτωνι
987,διακεκομμενον
899,γυναικειος
3648,τεοιο
1578,επιτασιν
368,αναδεχεται
1304,εκινδυνευσαν
993,διαλεκτω
2000,ιππων
726,αχρηστος
4007,χαριν
61,perspersbafPandarus
841,γενομενοv
2961,πεδιου
1849,ηττους
212,αιγαι
3394,στενος
1585,επιτρεψαντες
474,ανωθεν
2195,κηρες
3859,υστατον
1378,ελπιζω
3602,ταφρον
2654,οικουμενης
2905,παρει
1259,ειχε
3956,φραφει
2690,ομματων
540,απιεναι
1287,εκδεξωμεθα
3574,σωματοειδη
1019,διαφανης
3770,τυχοντα
223,αιθερα
1354,ελκει
3000,περιβολαιω
1818,ηνιοχους
1249,ειρωνευεται
1021,διαφερεσθαι
2122,καταφευγουσιν
1519,επεταξεν
2957,πατρωνυμικως
2573,νεωλκιας
678,αστρολογος
198,αερθεν
4025,χρησις
1201,εθελησειε
331,αμβωνεσι
3033,πεφεισμενως
1313,εκλυει
51,perspersaggMemnon
2058,κακεινα
3851,υποφαινεται
1326,εκφαινει
2675,ολος
667,ασθενεστερον
1449,εντιθησιν
2029,κα
3825,υποκειμενοις
1054,διοδον
508,απεεργεν
2418,μεμισει
330,αμαρτημα
1120,δυσαρεςτει
832,γενηται
284,ακουσαι
2996,περας
4046,ψιλοι
3657,τετοκυιαι
1923,θνητων
2924,παρηοροι
3198,προθεσεως
2526,μονονουχι
2709,ονειδος
3297,πυλων
2883,παραλογον
929,δεινα
2561,νεκρους
2657,οικτου
1698,ευνοιαν
2804,οφεων
547,απογεννασθαι
2406,μειναντος
3530,συντασσεσθαι
3068,πλευρα
1208,ειδικον
717,αχαιοι
2624,ξενοις
90,perspersdgdDolon
2238,κρασις
2975,πειραται
1333,ελασσονας
2380,μαχονται
925,δειλον
3886,φανεντος
3196,προερχεται
658,αρχοντα
456,αντεικασιας
4034,χρονω
1268,εκαλει
515,απειλουντες
52,perspersahjGanymedes
369,αναδιδοναι
874,γνησιοις
3568,σχηματων
179,αγρυπνουσιν
3365,σκεπην
3201,προθυμιαν
3828,υπομνημασι
2919,παρετηρει
2017,ιστοριαν
1494,επανηλθετε
85,perspersdHesiod
1846,ηττον
406,αναστενω
3923,φθινοντος
643,αρνων
836,γενικον
10,;
533,απηγγειλεν
760,βεβληκοι
261,αιφνιδιον
2301,λεγομενου
2620,νωτου
3350,σημεια
2043,καθο
1506,επεκτεταμενα
2024,ισχυς
3059,πλειονος
2795,ουρος
1582,επιτεταμενως
2579,νηι
1535,επιδεικνυμενος
3128,πολις
3016,περισπα
3370,σκοτους
3181,προβαλλομενος
3858,υπωπτευται
466,αντιρρησιν
1319,εκπληξις
1409,εναντιουνται
1152,εγενετο
2087,καλως
2456,μεταστησας
3972,φυγαδε
2219,κοινου
645,αρρενες
3903,φευγει
1246,ειρησθαι
1996,ιππον
1145,εβδομω
3259,προσωπω
1767,ηγνισθη
1680,ευθεια
2582,νησος
1141,εαυτοις
3279,πρωνες
1009,διασκευαστης
1566,επισιων
190,αδιαφορως
4015,χεοντος
601,απτοητε
14,air
1360,ελλειποντος
2621,ξεν
1565,επισειων
3465,συμφωνησει
1588,επιτυχοι
1854,ηυχομεθα
1538,επιθεις
3461,συμφεροντος
548,απογονον
543,απλουστερον
2727,οπαζει
2257,κυκλωπος
3083,πληττεται
2313,λεληθοτως
2921,παρηκολουθησεν
1681,ευθειαν
2235,κοσμον
3121,πολεμισται
1723,ευχομενος
592,αποφαινεται
3681,τιωες
2299,λεγομενοις
123,perspersfjcPodargus
574,απολογουμενον
879,γοργονα
2966,πειθαρχικον
3165,πραγματος
720,αχαιων
3509,συνετου
1825,ηραν
2485,μηδενος
3868,φαειμην
3819,υπογυον
926,δειλος
2237,κοτων
3593,ταρταρος
1063,δισταζομενον
1235,ειπην
3453,συμβουλου
3205,προισχεσθαι
877,γνωναι
1166,εγρατε
705,αυχενας
1355,ελκομενου
505,απεβαλε
965,δηλοι
2952,πατερα
3700,τοξευει
3973,φυγειν
54,perspersaieSarpedon
3986,φυσει
606,απωσεται
2008,ισοτιμον
62,perspersbagAutomedon
3962,φρονησις
682,ασφαλους
483,αξιωσεις
1576,επιστωσατο
58,perspersbaAristophanes
2415,μελλων
2607,νοτιησι
2941,παρορμησεων
2205,κινητικα
615,αρθρου
3644,τελευτησαντας
1183,εδηλωσεν
385,αναλογον
1046,διηκοσιων
1564,επιρρημα
1180,εδεησε
3019,περισπωμενη
3253,προσωδιαν
318,αλλοι
3550,σφαιρικως
1007,διαπορρητικος
3850,υποφαινει
1256,εισενεγκαμενοι
1993,ιπποι
87,perspersdebRhesus
2471,μετηνεχθη
317,αλληλων
202,αηρ
2558,νεβροι
3922,φθειρου
924,δειλοι
1998,ιππου
3001,περιγινεται
1909,θηλυκως
1040,διελυσας
591,αποτυχουσα
2046,καθολου
2998,περι
289,ακρατον
1937,θρασυς
1728,εφασκεν
2273,κωλυειν
3525,συνιησι
847,γενων
693,αυερυοντα
1384,εμης
503,απαρκει
1562,επιπλησσουση
4044,ψευδος
4049,ψιλωτεον
2776,ουδεις
3658,τετρωρον
2963,πεδω
2327,ληγει
632,αρκει
3925,φθονησαι
2215,κοινην
2290,λεγειν
2990,πεπληχθαι
3252,προσψαυση
1675,ευεργετουμενη
581,αποσιωπησις
3928,φιλαδελφια
1600,εποιειτο
3693,τοιςεξης
2246,κρεισσων
1543,επικειται
1172,εγυμνωσεν
1135,δωρικως
3977,φυγον
4027,χρηστα
2911,παρεξει
2355,λοιπους
3852,υποφαινων
2540,μυκον
53,perspersaiThetis
492,απαθης
2769,οστις
3124,πολεμον
3496,συνειληπται
1966,ιδιον
2062,κακοις
1618,ερμηνειας
1471,εξης
3255,προσωπα
3680,τιτρωσκοντι
2160,κεκρατηκεναι
3358,σιτου
617,αριθμει
2084,καλυπτειν
2111,καταπληξει
1529,επηρμενος
1797,ημεν
3345,σημαινομενων
3909,φευγοντι
4064,ωμολογησαν
3801,υπερηφανως
1476,εξον
725,αχος
1403,εναγωνιον
919,δεικνυς
2293,λεγετε
642,αρνος
771,βιαι
3039,πιειν
2093,καρπον
2662,οιμωγης
1839,ητγονι
797,βουλομαι
425,ανδρειου
826,γελοιον
1595,επιφερομενον
220,αιδους
1900,θεσπισματα
308,αλιτρος
60,perspersbaeDiomedes
2678,ολυμπος
3620,τεινεται
3449,συμβησεται
3751,τρωας
1296,εκεινους
3082,πλησιζειν
1123,δυσι
905,δαιμονιαν
2496,μηστωρε
2377,μαχη
612,αρετην
1228,ειμαρμενη
1381,εμειωσεν
2700,ομοως
2482,μεχρις
2757,ορκον
2211,κλητικην
544,απλω
168,αγνα
3703,τοξον
364,αναγκη
431,ανειληφεναι
3393,στενον
940,δεν
1177,εδαμασε
2956,πατρος
2934,παρνασσου
3276,προφρων
3613,ταχυ
2973,πειραν
2076,καλλος
2814,παιδευτικοι
75,perspersbhbIris
3243,προστεθειμενον
2249,κριθη
111,perspersfbbHeraclidesMilesius
718,αχαιοις
1886,θεοις
2539,μυθων
607,αργειοι
1469,εξηλασαν
2430,μεριμνησεν
1591,επιφανεντος
3179,προβαλεσθαι
2011,ιστασθαι
857,γηραι
801,βοων
517,απειλουσι
3420,στρατηγικον
1027,διδασκει
2873,παρακεινται
1002,διανομης
873,γλωττης
3318,ριπη
598,απρεπως
280,ακουον
1260,ειχεν
3353,σημειουνται
1383,εμην
3576,σωτηριας
2411,μελλει
2812,παιδες
3556,σφωε
1634,εσκοτισμενον
729,βαλε
1676,ευηθης
656,αρχης
920,δεικνυσθαι
1987,ιματιον
1012,διαστελουμεν
742,βαρβαρον
374,αναιρεσις
1730,εφερε
3375,σκυμνοις
278,ακουειν
1425,ενεκεν
3821,υπογυως
2676,ολου
3229,προσεθηκε
2563,νεμεται
138,perspersihPtolemy
555,αποθανων
3170,πρασσετωσαν
655,αρχην
3952,φονος
3010,περιλαμβανουσης
1140,εαυτης
107,perspersfagAscalaphus
2801,ουχι
2583,νησπς
541,απιθανον
3269,προτροπη
2816,παιδω
2648,οικο
1720,ευχη
238,αισιον
2870,παρακαλουσιν
2425,μενον
3933,φιλια
2213,κλισεων
990,διαλαμβανει
564,αποκτεινομενος
1394,εμπτωσιν
609,αργην
22,oξειαν
2153,κειμενον
3788,υπαρχουσης
288,ακραις
2578,νηας
1523,επηγαγε
3727,τραμα
1067,διχα
1044,διηγησιν
3116,πολεμικου
400,αναπεφωνηκεν
2433,μεσημβρινον
3209,προκειμενον
978,δημωδη
709,αφιησι
113,perspersfbdLampus
1016,διαστρεψη
1617,ερις
309,αλκιμωτεροις
3452,συμβουλης
1706,ευρεθηναι
1159,εγκλιτικη
55,perspersajccMoira
3590,ταραχωδεις
2199,κητος
519,απεκοψε
2708,ονειδιστικον
1781,ηκον
1771,ηδυς
703,αυτουργειν
2002,ιση
1766,ηγεμονιας
3607,ταχεια
2899,παρατηρει
3747,τροφαις
1912,θηρευτικη
3920,φθεγγεσθαι
2191,κηπω
2741,οραται
2115,κατασειειν
1294,εκεινοι
2330,ληπτεον
1192,εεργε
704,αυττικως
1352,ελικωνιος
3753,τρωεσσι
996,διαλυοντας
1944,θυγατερων
3499,συνεκδοχη
3421,στρατηγικου
557,αποθραβομενων
218,αιδης
770,βιαζεται
3022,περισσος
2038,καθειρχθηναι
1156,εγκλητικη
1921,θνητα
1895,θεραπευοντος
1917,θηρσιν
1170,εγραψε
3582,ταλαντευει
1631,εσιωπησεν
3793,υπερβατω
1542,επιθυμητας
3569,σχολη
890,γραφικον
1321,εκτασεως
84,persperscjhPtolemyEpithetes
2664,οιονει
203,αθενουσιν
3538,συντομως
292,ακροατην
3633,τελειον
2335,λινουν
2201,κινδυνους
1744,εχουσιν
232,αιολεις
3041,πιθανοτητος
1834,ησθετο
1047,διηνεκως
2660,οιμοι
1218,εικασται
240,αισσειν
906,δαιομενον
2221,κοινως
415,αναφερεται
1639,εσχατος
1816,ηνιοχου
1132,δυσωδια
1887,θεομαχειν
3079,πλησιαζει
2151,καυχησεως
1051,διιστας
1729,εφελκεται
1871,θαρσησαι
1650,ετεροις
1507,επεκτεταμενη
708,αφεσταναι
3249,προσφωνησασα
1862,θαλασση
1656,ετεχθη
690,ατυχιαν
2229,κομιζειν
513,απειλη
1777,ηθετητο
2842,παραβασεως
1918,θηρων
2794,ουρανωθεν
424,ανδρειας
1240,ειπων
893,γραφουσι
3300,πυργος
928,δειν
226,αιματι
4014,χειρων
3104,ποιητων
3004,περιεκαλυψεν
2351,λογω
1416,εναρκησεν
1482,επαγει
488,αοριστωδως
1624,ερχεται
2010,ιστας
1413,εναντιωματικος
17,diagram
2800,ουχ
1933,θρασος
1665,ετυμολογειν
4063,ωμολογημενον
426,ανδρες
1555,επιλογισμου
1243,ειρηκε
3011,περιμενει
960,δεχεσθαι
894,γραφουσιν
2370,μαλλιον
1866,θανατον
3883,φαμεν
3983,φυλαξει
2258,κυλικας
48,perspersagaAndromache
1525,επηνεγκεν
1204,εθηκεν
1380,εμβολην
2210,κληται
1225,ειλετο
1919,θητα
1649,ετεραν
2102,κατακαμπτειν
689,ατυχια
1693,ευκρινες
3030,πετεεινων
941,δενδροις
1963,ιδια
3294,πυλας
1660,ετραπεν
3171,πραττειν
2208,κληδωνος
253,αιτιατικην
1545,επικουρειν
834,γενικην
64,perspersbbaParmeniscus
1125,δυστυχη
2061,κακια
886,γραφεται
763,βελεσι
3260,προτακτικου
1584,επιτηδειος
2962,πεδιω
2179,κερτομικως
1700,ευπορουντες
856,γην
3222,προσαρτωντες
2444,μεταβολην
1332,ελαμψιν
575,απολουνται
3826,υποκρισει
1220,εικεν
942,δενος
2771,οτρυνει
2679,ολυμπου
1734,εφυγεν
1415,εναργως
1615,ερει
3812,υπεχωρησαν
3489,συναχθομενος
1951,θυπηγαγεν
3527,συνμπλεκεται
3985,φυλασσων
1776,ηθετηκεν
1267,εκαθεζοντο
3457,συμπεριελαβε
2848,παραγει
2072,καλειον
486,αοριστον
300,ακρωτηριον
3756,τρωθηναι
3280,πρωονες
1323,εκτης
478,αξια
2131,κατενεχθεντα
3957,φρενα
3726,τουτωι
1485,επαινει
852,γερων
216,αιδεσιμον
4019,χραται
2619,νωτα
382,αναλαμβανει
1645,εταιρον
27,perspersaafHera
3301,πυργου
1134,δωριεις
1322,εκτεταχθαι
3295,πυλη
273,ακινητου
2831,παντεσσι
290,ακριβεστερον
20,has
721,αχαρις
2167,κενους
2397,μεθην
2027,ιωνες
398,αναπειθει
1764,ζωων
1110,δυναμιν
915,δεδιασι
189,αδηλον
3075,πληθυντικον
2823,παλιμβολον
3491,συνδειται
3736,τριτα
1197,εθαπτον
891,γραφικως
1298,εκεισε
2645,οικειον
249,αισχυνοιτο
395,αναπαλιν
2116,κατασκευη
372,αναιδη
3193,προειρημενα
3811,υπεσχομην
2040,καθευδουσι
1242,ειρει
2686,ομηρικου
3839,υποστικτεον
3342,σημαιμει
1696,ευμενεις
2671,ολη
2389,μεγανορη
971,δηλωσις
260,αιφνιδιοις
2910,παρεμφαινει
984,διαθεσεως
2531,μονων
3797,υπερεχειν
3624,τειχη
37,perspersadbAeneas
1568,επισκωπτεσθαι
2977,πεισαι
2928,παρθενων
3539,συντονως
3190,προειπε
2763,ορος
3076,πληθυντικως
2706,ονειδιζεται
1153,εγερθηναι
121,perspersfjaThebaeus
3642,τελευταιος
4050,ψογος
934,δεινος
3988,φυσιν
3704,τοξοτην
2532,μορον
3096,ποιητη
777,βληθηναι
4079,ωρων
1626,ερωτησει
620,αριθμων
2603,νοον
1737,εχειν
1486,επαινειν
3712,τοπω
1423,ενεθηκε
2810,οχυρον
1353,ελισσομενον
2891,παρασχηματιζοντες
2740,ορα
3885,φανεν
269,ακαιρως
1860,ηως
1014,διαστηματα
2535,μυεισθαι
2230,κομπασει
1952,θυρων
1387,εμου
3320,ρυομενος
1124,δυσιν
2342,λογιζεσθαι
3664,τημερον
3595,τασσει
3610,ταχιστα
1695,ευμαρως
1461,εξελαβε
635,αρμασι
3827,υπομιμνησκει
3094,ποιησω
1389,εμπειρος
3881,φαλαδελφια
980,διαβοης
3479,συναπτειν
1426,ενεκτεον
1445,εντελους
3654,τεταρτον
1306,εκινησεν
1782,ηκουον
1084,δοξαν
2818,παις
2707,ονειδισμον
1467,εξηγησις
1133,δωρεαν
434,ανελκειν
2106,καταλειπει
2244,κρατουν
3464,συμφωνει
1340,ελεγεν
2661,οιμον
3942,φιλοφρονησεων
1794,ηλιος
3558,σφων
697,αυξητικον
3299,πυρα
2459,μεταφορα
3321,ρυστατον
3783,υπακουστεον
1596,επιφερομενω
2820,παλαιοις
377,αναιρουνται
1962,ιδης
750,βασιλειας
2629,οβριμος
2295,λεγομεν
3929,φιλαδελφιαν
3560,σχετλιαζοντες
3647,τεναρον
1316,εκοντας
788,βορας
3813,υπηρετουσιν
301,ακτινων
2730,οπλιζει
458,αντεσχον
1613,ερεβος
2217,κοινοποιειται
2929,παριδιους
3023,περιττη
3531,συντεθειμενον
3275,προφευγη
1740,εχοι
3840,υποστιξωμεν
1799,ημεραν
3426,στρατιωτην
2601,νομισωμεν
953,δεσμευσας
4047,ψιλουν
2705,ονειδιζει
1258,εισφερειν
600,απτηται
102,perspersfabDemetriusGonypesus
259,αιτωλικον
379,ανακαλεσασθαι
21,hmtplacer
1358,ελλαμψιν
3750,τρυχομενος
4073,ωραν
3968,φροντιουμεν
192,αδου
1686,ευθυμον
3573,σωματικη
1108,δυναμενους
1750,εωσι
1644,εσω
2473,μετοχη
2984,πεμπεται
1973,ιδοντες
3715,τοσον
3842,υποστρεφειν
1751,ζητουντος
3669,τικτομενου
387,αναλυει
178,αγριον
2203,κινειν
306,αληθη
1396,εμυηθη
1008,διαπυρον
3024,περιττος
1983,ικανος
472,ανω
155,αγαν
825,γεκης
1583,επιτηδειοι
982,διαθεμενου
4053,ψυχαι
293,ακροατου
2515,μισημαι
2059,κακεινο
499,απαραβατον
2594,νοθεια
2050,καιρα
3490,συνδεδεμενον
2494,μηροι
3351,σημειον
2004,ισιωνην
1843,ητταται
3424,στρατηωικον
1422,ενεγκειν
2903,παρεβαλε
2438,μεσουσης
3042,πιθανως
4061,ωδων
3710,τοπος
3830,υπομνησας
3443,συλλαμβανει
73,perspersbhThyestes
115,perspersfbgNeoteles
3371,σκυθρωποτητος
1722,ευχομενοι
1965,ιδιας
2300,λεγομενον
4031,χρονικην
2174,κεραυνος
1351,ελικη
584,αποστροφου
2285,λαμβανει
1515,επεσιν
2749,ορθογραφιας
733,βαλλει
1844,ηττη
2465,μετεισιν
1932,θρασεις
465,αντιρησιν
3484,συναπτωμεν
2057,καιω
2722,οξυ
3761,τρωσιν
2523,μονομαχησαι
2419,μεμνησθαι
3875,φαινομενα
715,αχαιικους
669,ασπιδας
790,βουλας
41,perspersadhPirithous
1702,ευπρεπους
125,perspersfjeAethon
671,ασπιδος
2154,κεισθαι
666,ασθενες
2610,νουν
3207,προκαταρξασα
339,αμετοχος
1473,εξιων
2506,μικραι
833,γενικη
3572,σωμα
755,βασιλικου
343,αμφιβεβηκει
752,βασιλευοντος
2677,ολυμπον
3341,σημα
100,perspersejfCebriones
3425,στρατιαν
230,αινοτατε
3180,προβαλλεται
1510,επενηνοχεν
2427,μερει
3336,σελα
659,αρχοντας
1301,εκελευσε
1975,ιδωσι
1265,ειωθυιας
388,αναλυειν
1142,εαυτους
2143,κατωτατον
2168,κενταυρων
1022,διαφερω
578,αποπαυσεται
2981,πεισθη
4059,ψυχρος
2294,λεγοι
1224,ειλαντο
1139,εαυτη
3675,τινος
3032,πετρον
1752,ζητουσι
1237,ειπομεν
997,διαλυσεως
1465,εξηγειται
2726,οπα
381,ανακωχην
247,αισχυνη
1652,ετερωθι
1367,ελληνικος
772,βιαιοτερον
805,βραχειαν
3002,περιγραφει
3251,προσφωνησις
1690,ευκαιρος
3308,ρηθησομενων
2840,παραβαλλει
663,ασθενεια
3373,σκυλαξιν
2023,ισχυρως
1870,θαρσει
1431,ενεργουντα
184,αγωνιωντα
3745,τροπον
3831,υπομνησιν
137,perspershjHesione
1970,ιδιω
2326,λεχων
1257,εισεποριζετο
1629,εσημανεν
1130,δυσχεραινει
427,ανδριας
1000,διανοιαν
2446,μεταθειη
237,αισθησιν
529,απεχθειαν
1,)
789,βοσκηματων
2560,νεβρος
3536,συντιθεται
1327,εκφαυλιζει
3139,πολυλιτανευτος
2403,μειζων
1762,ζωσαν
3264,προτερας
1029,διδομενον
1891,θεοσεβης
1076,διωριζεν
254,αιτιατικης
3150,πορπαξιν
165,αγηοχεναι
2792,ουρανου
142,taratus
2825,παμφανοωντα
416,αναφερον
2212,κλινης
1462,εξεναντιας
1599,επληξε
2180,κετι
794,βουλευμα
778,βληχρον
2120,καταστημα
3025,περιφρασις
731,βαλεν
3376,σολοικοφανες
1765,ηβουληθη
1534,επιγεια
3405,στιζουσι
45,perspersafcAristonicus
1026,διαφορωτατου
449,ανθυπηγαγεν
1943,θυγατερα
1598,επληντο
2316,λεξεως
2256,κυβερνητης
898,γυναικειον
530,απεχθεται
3487,συναυξηθεισα
1300,εκεκλιτο
1146,εβη
2701,ομφη
2516,μνημονευει
2534,μουσικος
2354,λοιποι
3154,πορφυρουν
3114,πολεμησαν
2445,μεταβολον
737,βαραθρον
2426,μενοντος
2725,οξυτονητεον
3149,ποριζεται
2543,μυρμηκων
3485,συναπτωμενον
2760,ορμηματα
1203,εθελω
3129,πολιτων
2640,οιδεν
3078,πληρες
590,αποτροπην
2125,καταφρονειν
2162,κελευει
148,αβορος
3231,προσεισι
1810,ηνικα
2105,καταλεγει
791,βουλεο
3876,φαινομενων
998,διανεμησει
623,αριστεια
2904,παρεθηκεν
2264,κυνι
3580,ταεξ
840,γενοιτο
3653,τεταρακται
95,perspersebeNicander
7,40
2936,παροιμια
3101,ποιητικον
1914,θηρι
296,ακροτηριον
680,ασφαλειαν
1986,ιμαντας
2149,καυχησασθαι
927,δειλου
2897,παρατεταμενην
3332,σειει
2653,οικου
19,hades
1934,θρασυ
1679,ευθει
266,αιψηρην
31,perspersabcOceanus
3927,φθορας
3533,συντελικω
3286,πτηξαντες
303,αλαζονειαν
2918,παρεσχηματισθη
3109,ποιουσι
3984,φυλασσον
1925,θορον
3113,πολεμειν
2519,μοιριδιον
999,διανοια
101,perspersfaaAnacreon
1495,επανω
2337,λιπος
1023,διαφθειροντες
3600,ταυτον
864,γινεται
3455,συμμαχειν
2435,μεσος
1211,ειδοτι
3611,ταχος
2484,μηδενα
2764,ορους
2774,ουδαμου
756,βασιλικως
520,απεκρυψε
3892,φαρος
462,αντικρυς
3377,σου
3699,τοξειαν
246,αισχυνει
1031,διδωσι
2447,μεταθεις
2022,ισχυροποια
2209,κληρω
97,persperseidAugeas
1263,ειωθε
2902,παρατυγχανων
3908,φευγοντες
1270,εκαλουν
3250,προσφωνησεις
1756,ζυγοστατει
2475,μετοχης
724,αχθεται
30,perspersaaiMenelaus
648,αρσενικως
2793,ουρανω
2440,μετ
1248,ειρχθηναι
2142,κατω
614,αρθρον
1350,ελθων
2309,λειποντος
3544,συστηματα
3874,φαινεσθαι
164,αγη
1478,εξωθεν
1553,επιλαμψιν
1411,εναντιουσθαι
2317,λεξις
267,αιψηρως
3635,τελειων
2048,καιετωσαν
1976,ιερον
1441,ενστασης
1710,ευσεβες
3845,υποσχεσεις
3036,πηληξ
3666,τιθεται
2424,μενειν
2639,οιδα
1857,ηφανις
819,γεγονεν
328,αλογων
3305,ραδιως
3720,τουναντιον
2477,μετριοις
69,perspersbdcTeucer
11,?
921,δεικνυσι
838,γεννηθηναι
2307,λεγων
2262,κυνηγεσιον
2196,κηρεσσιφορητους
495,απαμβλυνει
3090,ποιησαντες
1330,ελαβεν
3173,πραχθεντα
1531,επιβηναι
2369,μακρον
2387,μεγαλων
3934,φιλιας
1969,ιδιοχσθενοις
2457,μετατιθεις
2892,παρασχηματισμω
307,αλθαινω
3003,περιειλησας
144,urncite
1726,εφαμεν
2634,οδυσσεια
352,αμφω
200,αετος
1960,ιδειν
257,αιτουμεν
1532,επιβουλευειν
2914,παρεπλεξε
3695,τολμησαντος
3995,φωνουμενω
1716,ευφυα
3416,στομιον
213,αιγιδα
2843,παραβασιν
227,αινεσιμα
3155,ποσοτητος
3596,ταττεται
2613,νυκτεγερσια
3563,σχετλιασμου
1907,θηλειαι
1502,επεισαγειν
2056,καιτοι
1511,επενοηθησαν
3918,φησιω
3630,τελαμωνιων
3766,τυραννειν
1371,ελλησι
3948,φοβουμενος
3389,στεαρ
938,δεκαι
917,δεηθηναι
120,perspersfiApollodorus
498,απαξ
859,γης
2121,κατασχοι
562,αποκοπη
1802,ημυσε
2470,μετεωρω
3211,προνοεισθαι
2777,ουδεμιας
3415,στομασιν
1187,εδουσιν
4010,χειρα
1421,ενδοξοτητα
2754,οριζειν
761,βεβλημενον
1755,ζυγιων
2007,ισος
3474,συναντησας
433,ανελαμβανον
2712,ονομαζει
1397,εμφαινει
868,γινομενος
2623,ξενης
1995,ιπποις
3137,πολλους
314,αλληγορικως
3348,σημαινωνεις
1659,ετολμησε
1165,εγνω
3397,στερησιν
933,δεινον
2908,παρεισαγει
3890,φανον
566,απολεισθαι
1971,ιδιωι
1164,εγκωμιον
741,βαρβαρομεν
315,αλληλοις
2099,καταγωνισθηναι
1234,ειπερ
3434,συγκεχυσθαι
2865,παραινουντι
1244,ειρηκεν
2869,παρακαλουσι
3871,φαιαξιν
3477,συναπται
3108,ποιουντα
497,απαντων
2723,οξυνει
32,perspersabfaTriton
3506,συνεσει
784,βοηθησαι
2165,κελευσθεντα
3354,σημειωτεον
2894,παρατασις
1640,εσχατως
2752,ορθρου
1424,ενεκα
2216,κοινης
1863,θαλαττης
191,αδοκιμος
739,βαρβαρικον
661,αρωομενην
3343,σημαινει
2889,παρασκευαζουσι
3670,τιμησαι
2343,λογικον
199,αετον
2987,πεντηκοντα
2185,κεχρησθαι
3980,φυλακτικα
3072,πληθεν
851,γεροντος
2807,οχανα
3400,στησεσθαι
98,persperseigBrontes
2277,κωμωδει
3767,τυραννικην
1630,εσθιειν
2320,λεοντος
1464,εξευτελιζων
310,αλκιμωτερω
3588,ταραχης
3978,φυγοπολεμος
1851,ηυξησε
813,γαργαρεωνος
3760,τρωσι
722,αχαριστιαν
3717,τοσουτων
1832,ησανκαι
3535,συντετελεστε
180,αγωνα
2718,οντος
803,βραδυτητι
842,γενομενοι
2817,παιδων
4043,χωρις
798,βουλομενοι
653,αρχεται
3061,πλειους
3872,φαινει
2047,καθως
3212,προοιμιοις
347,αμφοτερα
2882,παραληψονται
332,αμειβεσθαι
3361,σιωπωμενον
229,αινον
3498,συνεις
163,αγετε
820,γεγονος
981,διαζευκτικος
3146,πορευου
3418,στρατευματι
3796,υπερεβαλεν
3899,φερομεθα
3178,προαναστελλει
2520,μοναρχιαν
740,βαρβαροθεν
625,αριστεις
3936,φιλον
691,ατυχουν
2917,παρεσφηλε
2868,παραιτιος
1945,θυειν
2589,νικης
467,αντισιγμα
338,αμελουντων
1984,ιλιον
3197,προηγουμενως
3,1
2478,μετριοφρονει
3175,πρεσβυτου
822,γεγραμμενοι
2280,λαβετε
1898,θεραποντες
3369,σκοπει
3131,πολλαις
504,απασιν
3583,ταλαντευοντος
3210,προλιπουσαι
3125,πολεμου
1512,επεξειργασται
1107,δυναμενος
35,perspersaciCronus
711,αφορμην
2392,μεγεθος
1651,ετερου
4068,ωνειδισε
3458,συμπλεκεται
4036,χρωμενη
2780,ουδεπω
3638,τελεσθεντων
3217,προσαγορευει
1188,εδραν
3941,φιλοφρονειται
2297,λεγομενη
2070,κακωσεως
4001,χανουσα
2665,οιους
2333,λιθου
4067,ωμος
2236,κοσμου
966,δηλον
1077,δοκει
861,γιγαντες
3820,υπογυου
1692,ευκολως
3272,προφανεντε
333,αμειβουσαν
1253,εισδραμειν
2390,μεγας
1593,επιφερομενα
1590,επιφανειας
2252,κρισιν
2993,πεπονθοτων
3048,πινουσι
1131,δυσχερη
2811,παιδα
12,\
1017,διατειχιζει
3912,φευγουσιν
2247,κρειττων
2275,κωλυομενος
82,persperscgTitans
1654,ετερωσε
3864,υψουται
1241,ειργε
810,βωμοισι
2242,κρατησω
2651,οικονομικον
1768,ηδεον
208,αθλον
3961,φρονησεως
1250,ειρωνευομενος
1280,εκατον
26,perspersaabbEpicharmus
571,απολογειται
1105,δυναμει
565,αποκωλυτης
799,βουλομενον
1433,ενερθε
2864,παραινεσεσιν
3689,τοινυν
1954,ιασατο
3413,στιχων
2458,μετατιθησι
969,δηλουν
1796,ημας
2009,ισταμενους
3304,ραβδους
3241,προσταγματα
2937,παροντων
3013,περιοραν
3945,φοβεραν
3313,ρητον
295,ακρον
2305,λεγουσι
475,ανων/ανθρωπων
511,απειλαις
397,αναπαυων
129,perspersfjjPhiloetius
1790,ηλθων
3141,πολυπειριας
3810,υπεσταλμενης
1292,εκεινα
78,perspersbiClytemnestra
3603,ταφρος
843,γενομενον
3233,προσηγορευθη
878,γνωσομαι
133,perspersgiLaomedon
2906,παρεικαζει
967,δηλονοτι
72,perspersbgjSthenelus
809,βροντης
252,αιτιατικη
3060,πλειονων
3785,υπαρχει
3310,ρηματος
3967,φροντιζοντων
604,απωθησεται
588,αποτελουμενη
2786,ουπω
3448,συμβεβηκε
3184,προβληματι
345,αμφιβολον
2822,παλαιων
3051,πιστιν
1382,εμεριμνησεν
573,απολογιας
516,απειλουντι
1275,εκατερα
1674,ευεργετησοντα
2391,μεγεθει
1369,ελληνικων
2599,νομισας
3466,συμφωνον
3410,στιχος
1897,θεραπευω
2272,κωλον
1985,ιλιου
1603,επος
1967,ιδιοτητα
2437,μεσουρανημα
3329,σαφεστεραν
855,γεωργος
1024,διαφορα
2267,κυρια
275,ακοντας
1867,θανατος
2797,ουσαν
3739,τριτου
745,βαρειαν
1446,εντετυπωσθαι
1841,ηττα
3221,προσαντη
1427,ενεμετο
3035,πηδα
863,γινεσθαι
3577,σωφρον
3213,προοιμιον
3236,προσηνειαν
2138,κατηει
766,βελους
3808,υπερφρονι
2559,νεβροις
2319,λεοντι
2311,λεκτον
1798,ημερα
469,αντιστης
451,ανισχοντα
2226,κολοβομαχην
3546,συστρατευσαντι
1815,ηνιοχος
2045,καθολικωτερον
1959,ιδαιου
751,βασιλεις
1746,εχρητο
4042,χωριζουσιν
2507,μικρον
3411,στιχου
930,δεινη
2005,ισμεν
2227,κομειτην
2296,λεγομενα
3047,πινειν
1454,εξαιρει
1128,δυστυχιαν
2365,μαιμετο
3947,φοβον
779,βοηθει
3482,συναπτεται
1227,ειλουμενοι
2053,καιρος
4041,χωραν
1554,επιλογισηται
2530,μονω
582,αποστημα
3679,τιτρωσκομενους
2124,καταφρονει
3459,συμπλοκης
157,αγαυρος
1828,ηρκεσεν
16,delinating
1376,ελπιδος
2228,κομειτων
2408,μειωση
2488,μηνι
3520,συνθετα
2939,παροξυνεται
2331,λιαν
3953,φρασεως
712,αφροδισια
1717,ευχαριστιαν
3848,υποτασσουσι
3475,συναποληγει
1563,επιπληττουση
2511,μιμνησκει
3034,πεφηνοτος
1536,επιδιωκετον
1447,εντευθεν
2192,κηρ
3800,υπερηφανιας
228,αινιττεσθαι
2568,νευματι
815,γαργαρος
2721,οξειαν
3771,τυχοντος
3898,φερετε
1990,ιππηλατος
1880,θελησας
1683,ευθεσιας
2931,παριουσιν
964,δεω
399,αναπεμψαντες
3492,συνδεσμοι
922,δεικνυσιν
3311,ρηματων
1273,εκαστου
421,αναχωρων
1749,εωθεν
1492,επαναγει
1936,θρασυν
1738,εχεσθαι
166,αγηται
585,αποσυνισταται
1219,εικειν
2680,ολυμπω
2912,παρεπεμψατο
274,ακμητι
668,ασθενης
3018,περισπαστεον
2554,ναυς
2060,κακεινος
3636,τελειως
2344,λογιστικον
1677,ευημεριαν
1459,εξει
1118,δυνοντα
1020,διαφερει
1910,θην
1390,εμπιπτοντων
4035,χρυσην
3439,συγχωρουντος
219,αιδου
2681,ολω
846,γενους
3296,πυλιου
1161,εγκοιμηθηναι
153,αγαθος
1385,εμιανθησαν
3976,φυγης
3688,τοιν
13,aether
3316,ριγουν
3445,συλληβδην
3605,ταφρω
3551,σφαιροειδη
1444,εντελη
1689,ευκαιρον
3559,σχεδιας
3663,τηλικαυτη
2385,μεγαλοπρεπης
3031,πετειαι
850,γεροντες
2383,μεγαλα
2066,κακοπαθουσιν
1099,δυικη
895,γραφων
2537,μυθοις
3542,συος
1602,εποιησεν
3841,υποστραφησονται
2742,οργη
441,ανηρ
955,δεσμωτας
126,perspersfjfArcheptolemus
1083,δομενος
156,αγανακτησαντες
2503,μιας
3878,φαινονται
439,ανεχουσων
1947,θυμον
2733,οπλισμον
3284,πρωτω
1733,εφικνεισθαι
3435,συγκρισιν
3997,φωτιζεται
1489,επαιρει
3529,συνταξις
2878,παραλαμβανει
1136,δωσω
2576,νεωτερικον
2306,λεγω
3199,προθεσιν
1289,εκδοσεις
346,αμφοιν
344,αμφιβηναι
294,ακροατων
1611,εργω
2772,οτρυνων
512,απειλει
1904,θεων
481,αξιομαχον
531,απεχθημεθα
2400,μειζονα
3503,συνελαυνομενων
3049,πιπτει
1929,θορυβωδες
383,αναληψεως
3586,ταξιν
1978,ιθαγενεις
401,αναρμοστα
2362,μαγειρος
1699,ευνους
3865,υψουτο
2021,ισχυρον
4078,ωρυκτο
2157,κεκαδησομαι
2779,ουδενοσωρα
1658,ετιμων
3266,προτερον
3554,σφαλεντα
2089,καμπτειν
1517,επεστασαν
1760,ζωοις
8,68
83,perspersciaEurystheus
768,βες
2907,παρειληπται
2913,παρεπλεκται
99,persperseihDemocritus
2590,νικησειν
688,ατυχηματων
491,απαγγελλων
386,αναλογως
4056,ψυχην
3951,φονον
2605,νοουσιν
2850,παραγινεται
1277,εκατερας
1509,επενεγκων
3005,περιεπεσον
334,αμεινον
1572,επιστρεφειν
1179,εδαφει
2959,παχεος
1780,ηθων
1210,ειδος
2789,ουρανιον
2696,ομονοιαν
700,αυτα
1648,ετεραλκεα
627,αριστην
2348,λογος
1392,εμποδιση
2088,καμνοντα
3804,υπερμαχουντων
2860,παραθεσις
510,απεικαζει
2001,ισας
559,αποκαλει
2555,ναυσι
4032,χρονον
1809,ηνιας
4012,χειριας
3581,ται
2533,μορφην
3776,υδατος
3074,πληθους
3749,τρυφερον
2974,πειρας
3935,φιλοκινδυνον
3330,σαφεστερον
2798,ουσων
963,δεχομενος
2522,μονοι
4082,’
63,perspersbbAgamemnon
2805,οφθη
946,δεον
897,γυναικα
2085,καλυπτοντος
3240,προσληπτεον
1628,εσαυριον
2298,λεγομενης
3204,προθυμως
256,αιτιος
3066,πλεονας
188,αδηλοις
1288,εκδεχονται
3738,τριτογενεια
3469,συναδει
952,δεσθη
1149,εγειραι
2736,οποιον
3645,τελος
3436,συγχει
235,αις
4070,ωνομασται
2039,καθελκυσθηναι
2064,κακοπαθειων
2759,ορμαν
2402,μειζοσιν
3523,συνιεισα
2636,οδυσσω
883,γραμματικων
829,γενει
3511,συνεχεται
2274,κωλυεται
3097,ποιητην
2139,κατοικουμεν
371,αναδοσεις
1295,εκεινοις
76,perspersbhfEos
3606,ταχα
3281,πρωται
167,αγητοι
132,perspersgfNicanor
2286,λαμβανουσα
2642,οιεται
140,scribe
3578,σωφρονες
3098,ποιητης
442,ανηρεθη
652,αρχας
2854,παραδιδωσιν
1789,ηλθεν
2655,οικουριαν
824,γεγωνεμεν
3323,ρωμην
1601,εποιησε
3687,τοιαυτην
1430,ενεργησαντος
1902,θετιδι
3403,στιγμη
1888,θεομαχιας
2980,πεισθεισα
2225,κολοβο
4074,ωργισθη
3816,υπογραφει
452,ανοδον
3548,συστροφην
2367,μακραν
1533,επιβουλης
1869,θαρσαλεωτερον
3106,ποιον
2750,ορθοτονειται
1368,ελληνικου
225,αιμα
1318,εκπληξιν
350,αμφοτερους
70,perspersbejIxion
2669,ολεθρος
1226,ειληπται
2960,πεδιοιο
3805,υπεροπτως
3374,σκυλων
326,αλογα
561,αποκλεισθεντων
3273,προφερεται
3216,προπερισπαται
221,αιετου
3960,φρονει
1774,ηθελεν
1375,ελπιδοποιουμενος
2799,ουτον
2784,ουδηποτε
2625,ξιφος
3698,τονον
546,αποβεβλησθαι
2399,μεθυσον
2395,μεθελκυσαι
611,αρετη
3515,συνηθες
459,αντευεργετει
3422,στρατηγικως
1217,εικαζονται
3028,πεση
887,γραφη
3555,σφοδρα
3591,ταρταριζειν
3847,υποτακτικον
1711,ευστροφιας
1827,ηριστησαν
2054,καιρου
298,ακρωμιαν
1402,εμφασιν
2248,κρεμασαντες
