2843,οπερ
1316,εκαλει
1333,εκδεθεισης
3485,σελα
3120,πελοποννησω
1671,εραστης
1131,δραν
74,perspersbbgIdaeus
1662,επληθυεν
1265,εικοτως
4163,φυλασσον
1469,εναντιωματικος
2308,κοινης
1461,εναντιας
3335,προειπε
4223,χωρις
1881,ημιν
318,αλκιμωτερω
2061,ιερον
1273,ειναι
873,γενομενον
3688,συντιθεται
3093,πατρος
2300,κληδωνος
2631,μονου
1791,ευχη
1400,ελθων
3073,παροντων
2657,ναυπηγος
1327,εκατερας
3624,συναλιφην
1374,εκτος
1616,επιλαθεσθαι
621,απωθησεται
430,αναφερεται
2251,κεκλιται
1166,δυστυχουσι
1329,εκατερωθεν
2396,λεγοντος
1479,ενεθηκε
3496,σημαινων
3191,πλαστιγγι
154,αβεβαιος
2071,ιμαντας
1683,ερμηνειας
845,γαυρια
4150,φυγα
3464,ρητωρ
1648,επιτηδειοι
682,ασθενειας
2787,ολον
10,;
642,αριστεις
162,αγαν
4154,φυγην
2671,νεσεσι
2571,μετοχη
4247,ωμος
2103,ιστοριαν
2809,ομονοιαν
2414,λεπτην
5,188
3001,παραινουντι
1146,δυναμιν
2114,ιωνες
1230,εδουσιν
3783,τειχους
776,βαρυνεται
1324,εκαστω
4091,φευξεσθαι
3810,τεταρακται
573,αποθεραπευθησεσθον
4224,ψευδος
3340,προειχον
1460,εναντια
2867,ορθοτονειται
512,απαμβλυνει
3597,συλλογος
3663,συνεχεται
2325,κοπεισα
3121,πεμπεται
90,perspersciaEurystheus
1527,εξηγησιν
1201,εγκλιτικος
2933,οφεων
3432,πρωτω
1052,διαστρεψη
1418,ελληνικου
620,απτον
1148,δυνανται
965,δεινη
146,place
3629,συναπται
4102,φθινοντος
660,αρνων
1475,ενδεκατον
1985,θετεον
110,perspersfacAmopaon
1813,εχη
2615,μισελλην
4006,υποπτευουσι
981,δεον
1150,δυνασθαι
525,απεεργεν
1029,διαλεκτω
899,γινομενος
366,αμφω
2922,ους
3495,σημαινουσι
2302,κληται
1722,ετερως
2277,κεχρησθαι
345,αμειβεσθαι
2655,νασταθμου
2458,μαι
982,δεοντως
732,αυχενας
1703,εστιξαμεν
941,δαιφρονος
3918,τροφαις
2050,ιδιας
2243,καυχησεως
2811,ομοφυλους
454,ανεχουσων
1599,επιγεια
312,αλαζονευεται
2097,ιστασθαι
3493,σημαινομενον
602,αποσυνισταται
1853,ηθετει
370,αναβηναι
1933,ηττους
1887,ηναντιωται
2826,ονομαζει
142,perspershfCallimachus
3193,πλατος
935,γυνη
3404,προσωπω
2532,μεσος
3164,περιφραστικως
2347,κτασθαι
2932,οφεις
3508,σιωπη
1652,επιτροπω
3257,πολεμιοις
2888,οστις
2241,καυχησασθαι
4147,φροντιουμεν
1563,επειγομενη
3146,περικεκοπται
2647,μυρμηκων
115,perspersfahMedusa
1984,θεσπισματα
418,αναρτα
373,αναγκαιοις
455,ανεωχθησαν
3954,υπ
1496,ενι
426,ανατολην
1710,εσχηματισε
3003,παραιτητεον
503,αοριστου
2077,ιππικην
2494,μεθυον
2485,μεγανορη
3051,παρεστησεν
3035,παρατηρει
2256,κελευσεως
914,γραμματικω
859,γενει
2290,κηρω
2572,μετοχην
1288,ειρηκε
2727,ξενας
471,αντεικασιας
393,αναιρουσιν
497,αξιομαχον
3258,πολεμιον
1167,δυσχεραινει
2184,καρπον
1602,επιεικες
2269,κεραυνων
2093,ισος
3558,στιχοι
1522,εξελαβε
2121,καθαπτεται
1858,ηθων
1430,εμβολην
2831,οντας
3460,ρηματων
2999,παραινεσεσι
1751,ευθεια
1560,επαρη
1740,ευδοκιμειν
3332,προγενομενην
2236,καυσαι
1018,διαθεμενου
1044,διαπυρον
1926,ητταν
2421,ληγουσα
4035,υφεν
2976,παραβαλλει
1114,δοκευει
3222,πληττεται
2154,κακοπαθειν
1607,επιθυμητας
254,αισχυνει
628,αρετη
1702,εστιν
3188,πιστευει
3291,πορθησας
2168,καλλους
1134,δυικα
4001,υπομνημασι
2245,κειμενον
1958,θεαιναι
2079,ιπποι
3114,πεισαι
166,αγγελου
2687,νησπς
1126,δορπον
4054,φαινουσα
1054,διατελλουσιν
2301,κληρω
2219,κατεκλειθησαν
3343,προθεσεως
286,ακουειν
4060,φανεν
3823,τι
126,perspersfheTheia
3746,ταρταρος
2871,οριζειν
2973,παπτηνας
4245,ωμον
2847,οπλιζεται
3342,προηγουμενως
303,ακρον
2123,καθαρος
567,αποδεικνυται
594,αποματτεται
386,αναδοσεις
1530,εξηλασαν
3669,συνθεσεις
3392,προσυπακουστεον
1213,εγυμνωσεν
4024,υποφαινεται
2697,νοεισθαι
1691,ερωτησει
1698,εσκεφθαι
2527,μεριμνησεν
2962,παντας
1309,ειχον
3815,τετρωρον
98,perspersdhePtolemy
2901,ουδενοσωρα
666,αρσην
2212,καταστημα
1875,ημας
2161,κακωσεως
1896,ηνιοχον
3564,στοιχειον
22,delinating
73,perspersbbeAeschylus
2487,μεγεθει
222,αιγυπτιος
687,ασπιδες
2566,μετετεωρω
3030,παρατασις
498,αξιωσαις
1826,εωσι
3293,πορπαξιν
3522,σκυλαξιν
1629,επιρρημα
1807,εφυγον
3403,προσωπου
391,αναιρουντα
207,αετον
1565,επειον
1891,ηνιας
1261,εικασται
2106,ισχυν
3685,συντελικω
1151,δυνατα
3289,πορευου
3789,τελειας
625,αργειων
1129,δουρειου
3676,συνιηι
3894,τουτω
4249,ωνειδισε
2318,κολοβο
3583,στωικοι
1060,διαφορα
3252,πολεμει
3593,συλλαβων
1797,εφ
780,βασιλευοντος
951,δεηθηναι
2851,οπλων
1879,ημεραν
326,αλληλους
3182,πικραινει
1420,ελληνων
2064,ιθυνειν
4246,ωμοπλατης
4240,ωδε
3615,συμφωνει
4148,φροντις
855,γεκης
2861,οργης
1517,εξακουεσθαι
1487,ενεργουντα
2319,κολοβομαχην
2587,μην
3745,ταρταρον
4184,χαριεν
1447,εμπτωσιν
143,perspershhApollonius
62,perspersajccMoira
2469,μαστιγα
3613,συμφοραν
548,απεχθημεθα
2840,οξυτονητεον
3765,ταχεως
2968,παντοιων
2645,μυριαδας
2651,ν
3771,τεαποδεικνυται
3700,συστροφην
2679,νεωστι
1250,ειατο
1825,εως
3390,προστιθεναι
656,αρμοζει
2960,πανοπλιαν
1820,εχρητο
3350,προισχεσθαι
2803,ομματων
4199,χρειαv
2249,κεκαδησομαι
909,γνωσομαι
1579,επεπληρωτο
2632,μονουν
2822,ονειδιστικον
3379,προσηγοριας
3297,πορφυρουν
787,βεβηκεν
747,αχαιους
2893,οτρυνων
1471,εναργως
1963,θελει
253,αισχροτερον
1610,επικουρειν
1079,διηγησεως
1498,ενιοι
3294,πορρω
3990,υπογραφων
1120,δοξαν
2536,μεστος
1542,επ
3540,στεινει
3516,σκηπτρου
2795,ολως
2415,λεπτον
3166,πεση
324,αλληγορικως
2200,καταμαθοι
3794,τελεον
3813,τετιμημενω
2715,νους
105,persperseigBrontes
307,ακρωτηρια
3249,ποιουσι
2233,κατορθωμα
273,αιψα
4077,φερομενου
2068,ικανος
1032,διαλυοντας
2398,λεγουσι
1323,εκαστου
4057,φαλακρη
2116,κα
3812,τετηρηται
100,perspersdjApollo
1555,επαναγει
790,βεβληται
1346,εκεινους
268,αιφνιδιοις
2746,οιδα
1732,ετραφη
2291,κητος
1661,επιφερομενω
108,perspersfaaAnacreon
1105,διωκει
3494,σημαινομενων
329,αλλοις
1262,εικειν
3848,τοιαυτην
3609,συμπλεκεται
3503,σημειωτεον
3772,τεθει
788,βεβληκοι
1285,ειπων
3038,παρατυγχανων
494,αξια
893,γιγαντομαχια
3023,παραπλησιον
112,perspersfaeDiogenes
3947,υδατος
1908,ηρεμει
106,persperseihDemocritus
2618,μνησθεις
2465,μαλλον
3606,συμμαχειν
2620,μοιρας
3952,υλη
3800,τελευτης
2959,πανομφαιω
2095,ισταμενους
2856,οπως
1153,δυνηθεντων
4098,φθγειν
2794,ολω
350,αμελουντες
3992,υπογυον
585,απολελυται
834,βραχυ
3157,περισπωμενη
1679,ερεθισαι
2438,λογοι
3934,τυγχανη
3449,πυργου
337,αλλων
2101,ιστορει
60,perspersaiThetis
3261,πολεμισται
2484,μεγαν
1277,ειπειν
4117,φιλος
2544,μεταθειη
2567,μετεωρος
1051,διαστολη
1893,ηνιοχει
1320,εκαστην
2430,λιπος
3704,σφαιροειδης
3638,συναρμοζοντος
1785,ευτροφιας
936,δ
2857,ορα
2246,κεισθαι
189,αγωνια
2147,κακα
3814,τετοκυιαι
398,αναληψεως
875,γενος
896,γινομενας
2965,παντεσσι
3829,τιμησας
2100,ιστησι
3055,παρετηρει
2918,ουρανου
2801,ομματ
3801,τελευτησαντας
1649,επιτηδειος
3695,συστελλων
3201,πλειστων
2311,κοινος
2427,λιθων
3243,ποιητικωτερον
2939,οχυρον
2656,ναυ
1380,ελαβεν
3128,πεποιηκε
1439,εμος
323,αλληγορια
1005,δηλων
3656,συνεργουσαι
2366,κωλυειν
2540,μεταβαλων
2379,λαμβανουσα
1243,εθαρρουν
3130,πεπονθοτων
3020,παραλογως
1480,ενεκα
2891,οταν
2751,οικαδε
3382,προσθειναι
3925,τρωεσσιν
3304,ποτηριων
4229,ψιλωτεον
45,perspersadePriam
4225,ψηφον
1402,ελικωνιος
954,δεικνυς
662,αρρενες
1334,εκδειματουν
3115,πεισει
3975,υπερθεν
4041,φαγεσθαι
3366,προσαντη
3973,υπερηφανιας
1039,διαπερυσιον
808,βοηθειαν
2149,κακεινο
2489,μεγιστον
442,ανδριας
976,δενδροις
4125,φοβερον
2281,κηλειω
1075,διελθων
4255,ωργισθη
2685,νηος
376,αναγκαιων
684,ασθενεστερον
3057,παρηκολουθησεν
431,αναφερον
3054,παρεσχηματισθη
3202,πλεον
862,γενηται
2834,οντων
870,γενοιτο
2666,νεκρων
1733,ετρωθη
4023,υποφαινει
304,ακροτηριον
629,αρετην
476,αντευηργετηθην
2887,οσον
2118,καζει
3776,τεθριππω
1030,διαλεωεται
706,ατυχηματων
1104,διχως
2761,οικου
2303,κλητικην
2109,ισχυρως
288,ακουον
3407,προταξαιαλλ
4047,φαινει
1993,θηλυκως
2305,κλισεων
1805,εφικνεισθαι
2780,ολεθρος
2217,καταφρονειν
1000,δηλοι
3075,παροξυνεται
3983,υπεσταλμενης
1570,επεκρατησεν
2094,ισοτιμον
2808,ομολογημενον
3585,συγκεχυσθαι
2139,καιρα
445,ανεγνω
1376,εκφαινει
835,βριθομενη
3962,υπεζευγνοιεν
727,αυτουργειν
2141,καιρον
1819,εχρησατο
2748,οιδεν
49,perspersaeZenodotus
552,απηνειαν
2635,μονων
3306,πραγμα
3891,τουτον
2638,μουσικος
1723,ετερωσε
3219,πλησιαζουσιν
2534,μεσουρανημα
1466,εναντιους
3371,προσδοκια
3299,ποσω
1549,επαινειν
264,αιτιος
4254,ωραν
3161,περιττη
984,δερος
221,αιγιδα
153,αβεβαιοι
579,αποκοπη
590,απολογιας
1370,εκρατουν
619,απτομενη
3878,τοσον
3081,παρωχημενου
2185,καρπω
1089,δικην
3951,υλακτων
2370,κωμωδει
4262,ωσει
1945,θαλασσα
429,αναφερει
1458,εναγωνιον
2084,ιππου
149,taratus
439,ανδρειας
1729,ετολμησε
2087,ισας
2954,παλλειν
2412,λεοντι
210,αηρ
2211,καταστειλαι
4093,φησει
1635,επισπευδουσα
2906,ουδετερως
2057,ιδον
1726,ετησιων
2810,ομοτιμον
789,βεβλημενον
2710,νοσους
1890,ηνιαντιωται
3632,συναπτεον
1405,ελκομενου
2501,μειναι
1596,επιβηναι
175,αγνα
2031,θυμον
2517,μεμφομενοι
1278,ειπεν
2276,κεχρηνται
3251,ποιων
543,απετεμνε
4264,’
2169,καλον
3831,τινα
436,αναχωρων
793,βελος
1574,επενεγκων
942,δαιω
3210,πληθεν
216,αθλον
4113,φιλιας
4237,ψυχοστασιαν
3987,υπηρχον
147,scribe
3611,συμφεροντα
1123,δορατι
1186,εβδομω
2864,ορεσινομιας
829,βοων
1504,εντελες
1568,επειτα
1777,ευρεθηναι
3693,συνωρισι
2955,παμφανοωντα
2497,μειζονος
2017,θρασος
2602,μιανθην
3851,τοιουτον
2215,καταφορωτεραι
3991,υπογυιον
2066,ιθυσε
950,δεεμος
3031,παρατατικον
2606,μικραι
3165,περιωριζεν
2363,κυων
123,perspersfbhEumolpus
1977,θεους
3105,πειθεσθαι
3804,τεναρον
1497,ενικη
3138,περιβολαιω
740,αφροδισια
581,αποκτεινομενος
2683,νηι
1716,ετεραλκεα
532,απειλουντες
658,αρνες
1350,εκεκλιτο
3665,συνηγαγε
4178,χαλεπον
3517,σκιαζεται
4143,φρονουντες
1132,δρωμενα
3242,ποιητικως
4069,φασι
2958,πανομφαιος
771,βαρβαρους
2568,μετεωρω
1989,θηβαιου
3344,προθεσιν
3307,πραγματα
3136,περι
4127,φοβουμενος
2523,μενοντος
2382,λεγει
407,αναξιον
2496,μειζονα
2468,μαρτυρει
874,γενομενου
2585,μηκος
2889,οσω
3641,συναχθομενος
2268,κεραυνωθεις
2855,οπταν
817,βοσκηματων
4135,φραφει
3144,περιεσται
2112,ισως
138,perspersgabAntilochus
3447,πυρα
703,ατοπον
292,ακουσαι
2717,νυκτεγερσια
692,αστεροεντος
2330,κοτων
1112,διωριζεν
3933,τρωων
1770,ευνους
3697,συστολας
2244,καυχωμαι
1518,εξαναστησεται
1156,δυοιν
3895,τουτωι
1962,θειου
2538,μετα
2194,κατακαμπτειν
3438,πυκαζειν
1016,διαβοης
1913,ηρωος
2642,μυθον
12,Ascalon
1601,επιδιωκετον
626,αργην
364,αμφοτερους
1180,εαυτον
623,απωσεται
1388,ελαφους
2460,μακεδονιας
678,αρωομενην
2546,μεταθησει
262,αιτιατικης
92,perspersdHesiod
3118,πεισθη
2455,μ
4128,φοβουντος
4075,φερετε
1843,ηγνισθη
3359,προπεριεσπασαν
1902,ηνυξ
2852,οποιον
1828,ζητουσι
3729,σωτηριας
791,βελεσι
85,perspersbiClytemnestra
2629,μονονουχι
2067,ικανον
1377,εκφαυλιζει
3781,τειχη
181,αγορα
1028,διαλεγεται
1773,ευπρεπους
4206,χρησομενος
1071,διεγειρων
1422,ελλησιν
3543,στενον
458,ανθ
3684,συντεθειται
1675,εργου
1476,ενδον
1163,δυστυχια
3899,τραχυ
4029,υποχωρουντος
3206,πλευρα
233,αιμα
1709,εσχε
3787,τελαμωνιων
1919,ησσων
2619,μοι
3970,υπερεχειν
3602,συμβολην
278,ακαταλληλον
1222,εδεησε
3112,πειραται
64,perspersajgChrysippus
568,αποδιδοται
1397,ελεχθη
444,ανδρων
2304,κλινης
220,αιγαι
4045,φαιαξι
257,αισχυνοιτο
2676,νεφη
2258,κενον
864,γενικην
3029,παρατασει
7,40
1424,ελπιδας
3634,συναπτεται
2466,μανθανει
2373,λαβετε
2472,μαχη
2326,κορη
4210,χρηται
537,απεκρυψε
2713,νουθεσιας
2294,κινει
437,ανδρα
536,απεκοψε
2738,οδυνωμενος
3683,συντεθειμενον
878,γερας
2263,κερασιν
340,αλογον
3314,πρασσειν
4144,φροντιδος
4046,φαιαξιν
1202,εγκοιμηθηναι
174,αγητοι
2234,κατω
371,αναβιβαζει
2853,οποτε
2088,ιση
24,drawn
2832,οντι
3976,υπερθεσιν
116,perspersfaiStyx
3548,στηκος
3621,συναδει
2662,νεβροι
1391,ελεγον
1774,ευπρεπως
1630,επισειων
1964,θελησας
2473,μαχην
3437,πτωσεως
895,γινεται
11,?
3283,πολυμηχανιας
491,ανων/ανθρωπων
1103,διχα
2563,μετεισιν
2599,μητρυα
1534,εξιων
2044,ιδαιου
1047,διασταλτεον
2054,ιδιοχσθενοις
946,δε
335,αλλοφυλους
828,βουλομενος
1859,ηκον
4216,χρωμενη
2029,θυειν
2191,καταγωνισθηναι
328,αλλοι
1912,ηρωικου
3026,παραστησαι
2994,παραθαρσυνει
3726,σωματικη
4261,ως
425,αναστρεφουσιν
3874,τοπου
4124,φοβεραν
1175,εα
77,perspersbejIxion
311,αλαζονειαν
4188,χειρ
605,αποτελουμενη
1681,ερευθαγιωoς
1631,επισιων
4106,φθορας
1389,ελαφρως
550,απηγγειλεν
1550,επαινεσας
3046,παρεμφαινει
2425,λιβυης
1178,εαυτης
2058,ιδοντες
2254,κελευει
1882,ημιστιχιον
225,αιδεω
2899,ουδεμιας
3048,παρεπεμψατο
204,αεξετο
180,αγνωμων
1975,θεοσεβης
1844,ηδεον
4031,υπωπτευται
2869,ορθρου
413,αναπειθει
4252,ωρα
4170,φωνη
806,βληχρον
4192,χειρος
3736,ταλαντευοντος
2829,ονοματων
877,γενων
2905,ουδετερου
948,δεδεχεσθαι
3872,τοπον
2639,μυεισθαι
3568,στρατευματι
2332,κρατει
1892,ηνικα
1184,εαυτων
3977,υπερμαχουντων
1470,εναντιωσιν
2966,παντευχιαν
1621,επιμελειαν
1833,ζυγου
1145,δυναμεως
717,αυριον
1686,ερυκεν
3167,πεσσοι
4220,χωλανω
212,αθετειται
310,αλαζονεια
3042,παρεικαζει
760,βαλλε
2938,οχλω
3581,στρεψαι
2188,καταβασεως
1573,επεμεριζετο
3664,συνεχη
3352,προκαταρξασα
2463,μακρον
3819,τεως
4218,χρωμενων
3763,ταχεια
1804,εφη
1022,διαιρεσιν
226,αιδης
43,perspersadHellen
1033,διαλυσεως
3324,προβαλεσθαι
1137,δυικον
1268,ειλαντο
2470,μαχεσθαι
104,persperseidAugeas
999,δεω
2160,κακως
2979,παραβασιν
919,γραφη
3018,παραληψονται
3846,τοιαυται
2695,νικωμενος
2476,με
857,γελοιοτατος
2846,οπλιζει
1318,εκαλουν
711,αυερυοντα
1765,ευλαβεισθαι
3169,πετειαι
2529,μεσημβριας
291,ακουουσιν
422,αναστηναι
3883,τοτε
1394,ελεσθαι
576,αποκαλει
3061,παρηορος
281,ακινητου
2023,θρασυτερος
1667,εποιησεν
578,αποκλεισθεντων
2328,κοσμον
1721,ετερωθι
405,αναμνησις
1321,εκαστον
3547,στερησιν
2386,λεγετε
3673,συνθετως
3223,πλουν
2917,ουρανος
1416,ελληνικον
1006,δηλωσις
3364,προσαναβαινοντος
4263,ωφειλε
925,γραφουσι
1269,ειλετο
1562,επειγεσθαι
1874,ημαρ
2964,παντες
3225,ποδα
1793,ευχομενοι
1057,διαφερεσθαι
3793,τελειως
3941,τυχοντα
611,αποφασει
283,ακοντας
2982,παραβολης
1850,ηεροεις
2492,μεθελκυση
2411,λεοντες
2445,λογων
3880,τοσουτω
2983,παραβολικον
109,perspersfabDemetrius
2226,κατεπτηχοτας
3141,περιειλησας
2196,καταλαμπεται
4095,φησι
2000,θηριω
3556,στιζουσιν
1238,εζητειτο
906,γνησιους
1493,ενθαδε
2086,ιππων
636,αριθμον
2818,ον
3198,πλειονων
359,αμφιβολον
3465,ριγουν
1687,ερυσαι
1622,επινον
2231,κατοικουμεν
3515,σκηπτρον
4121,φιλοφρονησεων
198,αδοκιμος
1758,ευθυντωρ
272,αιχμαλωτος
1037,διανοιας
1586,επετραπεν
2978,παραβασεως
469,ανταποδιδομενον
3045,παρεμεινε
3207,πληγεις
3345,προθεσις
1752,ευθειαν
443,ανδρος
2410,λεξις
2232,κατοιχομενοις
2556,μετατιθησι
3178,πιθανον
1526,εξηγειται
2565,μετεορα
3004,παραιτιος
3089,πατερα
2686,νησος
1747,ευηθης
1308,ειχεν
3953,υμιν
3071,παροδιους
1501,ενστασης
1021,διαιρει
1728,ετιμων
2837,οξυ
990,δεσμωτας
3205,πλεονασαν
3659,συνεσεως
698,ασφαλης
2005,θνητα
1040,διαπιπτει
2678,νεων
2350,κυκλωπος
42,perspersaciCronus
2733,ξυνιεισα
1300,εισελθοντας
2297,κινητικα
811,βοηθη
2507,μελλει
3574,στρατηωικον
3329,προβληματι
3618,συμφωνως
2375,λαβων
4161,φυλαξαιτο
1139,δυικως
3514,σκεπην
69,perspersbagAutomedon
351,αμελουντων
2206,καταρρεοντα
572,αποθανων
1905,ηπερ
1886,ηναντιουτο
434,αναφοραν
2378,λαμβανει
3921,τρυχομενος
4082,φευγεις
3176,πιδακες
1383,ελασσονας
263,αιτιον
3123,πεντε
2028,θυγατερων
2261,κεντρον
4222,χωριζουσιν
2850,οπλον
385,αναδιπλασιασμω
809,βοηθειας
2731,ξυλα
3911,τριτωνι
923,γραφικως
1427,ελπιζει
1125,δοριον
2331,κρασις
1931,ηττονα
1081,διηγουμενος
404,αναμενει
812,βοηθησαι
2543,μεταβολον
3968,υπερβολην
1012,δημωδες
1390,ελεγεν
1916,ησθα
186,αγρυπνουσιν
420,αναστελλει
1035,διανοια
2772,οιομενοι
856,γελοιον
4238,ψυχρον
2408,λεξεσιν
1038,διανομης
3264,πολεμον
3785,τεκτων
218,αθλων
1090,διοδον
4130,φονον
29,oξειαν
2812,ομοψυχειν
2564,μετενηνεκται
2376,λαζυτο
3826,τιθησιν
2912,ουπω
2502,μειναντος
892,γιγαντες
4156,φυγον
3598,συμβαινει
2835,οξεια
4066,φαντασιαν
2648,μυστηρια
1451,εμφαινεται
2202,καταπετασας
1194,εγερθηναι
880,γεροντες
671,αρχη
3397,προσψαυση
3139,περιγινεται
2886,οσοι
284,ακοντισαι
3689,συντομιας
782,βασιλικην
685,ασθενης
4122,φιλοφρονουμενος
71,perspersbbaParmeniscus
1127,δορυ
1664,επληξε
1821,εχρωντο
2433,λιτω
3377,προσεχετωσαν
1301,εισενεγκαμενοι
908,γνωναι
3331,προγεγονοτων
1795,ευχονται
294,ακουστον
2306,κοινη
4005,υπονοων
606,αποτομως
1510,εντιθησιν
881,γεροντος
1959,θεια
261,αιτιατικην
514,απαντων
1358,εκκλησιας
2207,κατασειειν
3082,πας
41,perspersaceMetis
4071,φατναις
4025,υποφαινων
957,δεικνυσιν
4109,φιλαληθως
586,απολεσαι
3290,πορευσομαι
2674,νευρα
3524,σκυμνοις
2701,νοθους
2506,μελει
1158,δυσελπις
95,perspersdfcGlaucus
236,αινιττεσθαι
111,perspersfadTelamon
1598,επιβουλης
2210,κατασκοπην
1505,εντελη
2076,ιππηλατος
3780,τειχει
1924,ητοιμαζε
2524,μερει
1876,ημεις
1199,εγκλιτικα
763,βαλλον
125,perspersfgAthena
3876,τοπων
3212,πληθους
3119,πεισθ῀ξ
2053,ιδιου
2490,μεθ
1445,εμποδιση
309,ακτινων
2996,παραθεσις
1349,εκεκλαστο
4171,φωνηεντι
3864,τοξευειν
2186,καρων
3481,σειει
736,αφεσταναι
591,απολογουμενον
860,γενεσθαι
1179,εαυτοις
3497,σημαινωνεις
103,perspersegfIstros
2491,μεθελκυσαι
730,αυτω
1719,ετερον
4207,χρηστα
1003,δηλος
1536,εξοιστραν
4186,χαριν
3950,υιος
3110,πειραν
846,γε
3942,τυχοντος
1677,εργων
1672,εργα
918,γραφεται
3466,ριου
1946,θαλασση
508,απαγγελλων
1074,διελαβομεν
1368,εκπληξιν
3158,περισση
2691,νικη
2113,ιχνηλατων
2698,νοθεια
1763,ευκολως
1444,εμποδιζειν
1608,επικειται
2926,ουτον
4136,φρενα
1072,διεγειρων᾿
593,απολωνται
654,αρματι
624,αργειοι
3868,τοξοτης
2035,θυπηγαγεν
718,αυτα
3234,ποιησω
818,βουλας
372,αναγει
2991,παραδοξω
3549,στηναι
3027,παρασχηματιζοντες
2115,ιωνικως
279,ακαταλληλως
2541,μεταβολαις
3406,προταξαι
2675,νεφελων
1191,εγειρει
3220,πλησιζειν
3908,τριτη
3349,προθυμως
963,δειν
2872,οριζοντι
1794,ευχομενος
650,αρκτικον
3040,παρεθηκεν
2129,καθημενον
3043,παρειληπται
824,βουλολομενος
1829,ζυγιοι
2089,ισης
750,αχαριστιαν
3719,σχηματι
1091,διοριζεσθαι
178,αγνοουντες
4126,φοβον
3926,τρωθεντος
1098,δισσον
2559,μεταφορικως
1884,ημων
493,αξεσθε
3380,προσηκοτως
2609,μικροφθαλμος
2998,παραιβατην
3566,στομιον
2627,μονομαχησαντα
4133,φρασις
4234,ψυχαις
297,ακρατον
507,απαγγελθεντα
2903,ουδεπω
1177,εαυτη
3107,πειθομεθα
1748,ευημεριαν
1559,επαρεπεμψατο
274,αιψηρην
1073,διεγερθηναι
3770,τε
28,of
2156,κακοπαθουντα
634,αριθμει
1255,ειδυιαν
2821,ονειδισμον
1449,εμυηθη
584,απολειται
1757,ευθυμον
3484,σεισμου
2344,κρισει
2352,κυνα
2199,καταλελοιπε
3767,ταχος
2021,θρασυς
39,perspersabfaTriton
58,perspersaggMemnon
3469,ρυομενος
739,αφορμην
2179,καμνοντα
4055,φαλαγγος
2400,λεγων
2987,παραγινομενος
3346,προθυμιαν
774,βαρειται
3274,πολλας
4164,φυλασσων
421,αναστενω
3525,σοι
2518,μεν
2406,λεληθοτως
3936,τυξεται
1441,εμπεδος
2914,ουρανια
2143,καιρου
3889,τουτο
1233,εδωκεν
587,απολεσθαι
3389,προστεθεινται
3501,σημειου
1708,εσχατως
1656,επιφανεντος
2137,καιετωσαν
2520,μενει
1492,ενθα
1730,ετραπεν
3010,παρακειται
668,αρχαις
2127,καθελκυσθηναι
510,απαιτει
1988,θεων
2081,ιπποις
2462,μακροθεν
3784,τεκαι
1639,επιστρεφων
4019,υποσχεσις
3978,υπεροπτως
3544,στενος
3066,παριουσι
4187,χαριτος
1603,επιθεις
3260,πολεμιους
2389,λεγομενα
2098,ισταται
2293,κινδυνους
1543,επαγαγοι
3368,προσαρωντες
792,βελη
4064,φανερως
3179,πιθανοτητος
598,αποσιωπησις
2135,καθως
3832,τινας
3488,σεμνος
3309,πραγματευται
745,αχαιοι
4120,φιλοφρονειται
305,ακροωμενους
1325,εκατερα
27,hmtplacer
1690,ερω
4043,φαειμην
2779,ολαι
3859,τολμωσι
4172,φωνην
2446,λοιπα
3227,ποιει
2467,μαντις
2239,καυχασθαι
542,απεσφαξεν
4145,φροντιζει
3999,υποκρισει
4253,ωραι
3905,τρια
597,αποπληρουσα
1636,επισταμενοι
1454,εμφαντικωτερον
3546,στερεμνιω
33,perspersaabbEpicharmus
2673,νευουσας
2649,μωμησαι
1338,εκδεχονται
1218,εδακρυσεν
2860,οργην
1031,διαλογον
3660,συνεσταλμενον
3226,ποια
2555,μετατιθεις
230,αιθoνα
1412,ελλη
2225,κατεπιεν
3577,στρατιωτης
2956,παν
1901,ηνιοχω
513,απαντες
3852,τοιουτος
1699,εσκοτισμενον
1216,εγω
4250,ωνειδισεν
2505,μειωσιν
2461,μακραν
3125,πεπηγε
3651,συνεκδοχη
1188,εγγυς
401,αναλογως
2919,ουρανω
1613,επικουροι
847,γεγενησθαι
3453,ραβδους
1814,εχοι
786,βεβαιωτικος
2836,οξειαν
822,βουλευμα
1354,εκινδυνευσαν
3865,τοξιας
2218,καταφρονων
2174,καλυποντος
903,γλουτοις
21,and
1094,διοσημιας
2138,καιπερ
2736,οδους
2024,θρεμματα
280,ακαχοιτο
260,αιτιατικη
2573,μετοχης
1174,ε
1684,ερουσιν
4087,φευγοντων
1614,επικουροις
438,ανδρας
3510,σιωπωμενον
4028,υποχωρουντες
3639,συναυξηθεισα
1971,θεομαχειν
2616,μισημαι
2131,καθο
1670,εραν
699,ασφαλους
1372,εκτεταχθαι
55,perspersagaAndromache
1589,επηγαγεν
694,αστραπη
3452,πως
2423,ληπτεον
728,αυτους
709,ατυχουν
3709,σφωιν
3457,ρηθησομενων
2144,καιρω
3724,σωζουση
3385,προσληπτεον
1745,ευεργετησοντα
2405,λελεκται
2644,μυκον
483,αντισιγμα
2552,μεταπλασμος
4236,ψυχην
3993,υπογυου
452,ανεπεισεν
3916,τροπον
202,αει
2825,ονομα
3143,περιεπεσον
192,αδεες
729,αυττικως
901,γινωσκειν
3427,πρωται
3648,συνειληπται
1894,ηνιοχειν
4149,φρονων
3959,υπαρχον
339,αλογα
2248,κειται
1027,διαλεγεσθαι
3091,πατρι
1917,ησθετο
1934,ηττωμενων
1485,ενεργειας
379,αναγκη
3575,στρατιαν
3537,στας
1606,επιθετων
2361,κυριον
648,αριστους
570,αποεργει
821,βουλεται
826,βουλομενοι
2059,ιδω
81,perspersbhaAjax
3710,σφων
4176,φωτιζεται
2768,οιμοι
1343,εκεινο
19,aether
4228,ψιλως
1851,ηθελε
3554,στιγμην
424,αναστρεφεται
2356,κυνηγος
1842,ηγεμονιας
1084,διηρεθη
2704,νομιστεον
2508,μελλον
861,γενεσιν
2760,οικονομικως
3104,πειθει
3479,σαφεστερον
4118,φιλοτιμον
2895,ουδαμη
924,γραφοντα
1128,δοτικη
3705,σφαιροειδως
1239,εζητηται
3855,τοιςεξης
1253,ειδος
1067,διδωσι
1832,ζυγοστατει
3857,τολμησαντος
1650,επιτρεψαντες
1657,επιφερει
3033,παρατεταμενην
1979,θεραπευοντος
1014,δι
3881,τοσουτων
2628,μονον
3363,προσαν
3414,προτροπη
2890,οτ
3966,υπερβατω
3945,υγρα
4,172
1888,ηναντιωτο
3245,ποιοι
3122,πεμπουσιν
440,ανδρειου
622,απωλειαν
101,perspersePindar
2708,νοουσι
34,perspersaafHera
467,ανοδον
1431,εμε
2936,οχανα
238,αινοτατε
2155,κακοπαθειων
674,αρχομενην
2592,μηποτε
295,ακραι
1092,διος
1204,εγκυον
2797,ομηρικοι
775,βαρυνει
1815,εχουσα
16,Milesius
3986,υπηρετουσιν
4074,φερεται
805,βληθηναι
1019,διαθεσει
2672,νευματι
1254,ειδοτι
2611,μιμνησκει
3092,πατρονυμικον
3713,σχετλιαζοντες
1812,εχεσθαι
2195,καταλαμβανει
72,perspersbbbThoas
3365,προσανεχειν
2579,μετυον
4048,φαινειν
3263,πολεμοις
653,αρματα
3818,τεχνικως
988,δεσμευσας
2321,κομειτων
362,αμφοτερας
3605,συμης
1595,επιβατας
2929,ουχ
3589,συγχωρει
938,δαιμονιαν
3906,τρισι
4056,φαλαδελφια
247,αισιος
631,αρθρον
2880,ορος
1852,ηθελεν
18,\
1121,δοξη
403,αναλυειν
3063,παρθενον
994,δευτερω
3732,σωφρονουν
749,αχαρις
2537,μετ
1198,εγκλισεων
2314,κοινως
487,αντωνυμια
3037,παρατρεχει
541,απελειποντο
3752,ταυτας
1809,εχε
753,αχος
1482,ενεκτεον
1295,ειρωνευομενος
3701,συτελλων
3645,συνδεσμον
1529,εξηι
3278,πολλους
1078,διηγησασθαι
743,αχαιικους
546,απεχθειαν
3084,πασαν
3757,ταυτω
2904,ουδετερον
1048,διαστελουμεν
500,αξουσι
3834,τινος
2622,μοναρχιαν
1711,εσχηματισται
2026,θρονου
3511,σκελη
2784,ολιγα
1986,θετιδι
3319,πρεσβυτην
423,αναστρεπτεον
23,diagram
315,αλθαινω
3805,τεοιο
3381,προσηνειαν
1999,θηριου
1279,ειπερ
3997,υποθηκης
3229,ποιεις
1953,θαρσαλεωτερον
3600,συμβησεται
712,αυξει
2047,ιδης
3803,τελους
1395,ελευσινα
1232,εδρασεν
2255,κελευεις
2287,κηρες
4194,χεοντος
779,βασιλεις
3002,παραιτειται
921,γραφηται
3896,τουτων
4081,φευγειν
96,perspersdgPoseidon
1718,ετεροις
803,βλασφημει
3551,στιγμαι
2633,μονους
2014,θουσια
819,βουλεο
1816,εχουσης
2601,μιαν
3378,προσηγορευθη
2668,νεολκιας
1544,επαγγελιαν
2499,μειζων
534,απειλουσι
2310,κοινοποιειται
3430,πρωτος
559,απιστον
2070,ιλιου
2457,μαθηματα
2806,ομοιως
2584,μηδενος
4217,χρωμενος
515,απαξ
157,αγαθα
2712,νου
4190,χειρι
2136,και
697,ασφαλειαν
3927,τρωθηναι
2949,παλαι
1746,ευεργετουμενη
2402,λειποντος
4032,υστατον
2368,κωλυομενος
1965,θελησειας
3039,παρεβαλε
1154,δυνοντα
2342,κριθη
3221,πλησιον
3748,τασιν
2963,πανταχοθεν
783,βασιλικου
529,απειλει
63,perspersajdHermes
472,αντελαβετο
630,αρης
557,απιεναι
501,αοιδος
3132,πεπτωκεν
2262,κεντρου
2474,μαχης
2511,μελλων
3995,υποζευξαι
2542,μεταβολην
1119,δομενος
1591,επηρεαζομενον
734,αφαιρεσεως
2946,παιδω
150,the
3011,παρακουσαι
209,αετου
2814,ομφη
1680,ερει
3538,στασει
1292,ειρηται
1982,θεραποντες
37,perspersaaiMenelaus
1628,επιπληττουση
2238,καυστικος
2945,παιδος
450,ανεμος
953,δει
3533,σπευσομεθα
1769,ευνοιαν
30,oχηματα
4050,φαινομενα
3643,συνδειται
2434,λογαδες
91,persperscjhPtolemy
4191,χειριας
2500,μειλησιος
470,ανταποδοσις
639,αρισταρχος
3766,ταχιστα
2336,κρατητα
2598,μητερα
3998,υποκειμενοις
3542,στενην
2039,ιασατο
1897,ηνιοχος
1499,ενιοις
1224,εδεξαντο
140,perspersgiLaomedon
785,βασιλις
1077,διεσταλκε
3604,συμβουλου
378,αναγκεις
3937,τυραννειν
177,αγνοησαντες
759,βαλεν
427,ανατολης
1435,εμης
3282,πολυλιτανευτος
1365,εκον
1921,ητ
1341,εκειθεν
3749,τασσει
2792,ολυμπου
756,βαθυτατω
1561,επε
3731,σωφρονες
1541,εξωπλιζοντο
1937,ηυτε
3838,τιτρωσκομενοι
825,βουλομαι
3646,συνδεσμος
78,perspersbgfPodargus
1864,ηλεγξεν
3145,περιεχοντα
2339,κρεισσων
3086,πασι
2878,ορμην
1093,διοσημειας
3553,στιγμη
518,απαρακαλυπτως
3049,παρεπλεκται
2771,οινον
4244,ωμολογησαν
866,γενικον
673,αρχης
1754,ευθεσιας
3478,σαφεστεραν
40,perspersabgAjax
3100,πεδω
3211,πληθος
3777,τεινεται
599,αποστημα
4256,ωριζεν
2940,οψε
891,γιγαντας
1784,ευτελιζων
3619,συν
1452,εμφαντικη
2842,οπαζει
2052,ιδιοτητα
842,γαργαρεωνος
3208,πληγην
2320,κομειτην
884,γεωργιας
1778,ευρεια
1344,εκεινοι
2526,μεριμνησαι
770,βαρβαρον
2942,παιδες
246,αισιον
764,βαλων
2069,ιλιον
3798,τελευταιαν
1734,ετυγχανον
2815,ομωνυμος
338,αλλως
2013,θορυβωδες
2923,ουσα
3967,υπερβολαις
1633,επισκωπτεσθαι
2390,λεγομενη
1507,εντετυπωσθαι
3739,ταξιν
267,αιτωλικον
3840,τιτρωσκοντι
1462,εναντιον
3425,πρωνες
25,hades
798,βιαζεται
2755,οικειουται
2790,ολυμπον
2774,οιονει
768,βαρβαροθεν
1665,εποιειτο
1185,εβασκηνεν
3044,παρεισαγει
194,αδελφην
3502,σημειουνται
1002,δηλονοτι
3591,συλλαβην
4131,φονος
234,αιματι
2173,καλουσιν
758,βαλειν
3512,σκελος
2866,ορθογραφιας
1142,δυναμενοι
2282,κηλεον
1605,επιθετον
533,απειλουντι
3281,πολυλαλον
1620,επιλογισμου
3637,συναπτωμενον
2008,θοαντος
651,αρμα
1867,ηλθεν
1948,θανασιμος
993,δευτερους
3506,σθενους
3850,τοινυν
2604,μιγνυται
1663,επληντο
2358,κυνοσουρα
3444,πυλιου
2439,λογοις
2858,οραται
2240,καυχηματικωτερους
179,αγνωγοι
3636,συναπτωμεν
2001,θηρσιν
1658,επιφερομενα
4226,ψιλοι
4200,χρειαν
989,δεσμον
1319,εκαστη
1685,ερυκεμεν
3330,προγεγονοτα
519,απαραποιητος
1263,εικεν
1364,εκοινοποιησε
319,αλλ
3791,τελειοτατον
2588,μηνι
1438,εμον
1311,ειωθε
1516,εξαιρετον
3686,συντεμνει
3675,συνιεισα
349,αμελει
1196,εγκεφαλον
56,perspersagbHector
4209,χρηστοτητα
839,βωμος
633,αρθρων
2478,μεγα
1113,δοκει
1772,ευπρεπης
1249,ειασεν
2530,μεσημβρινον
158,αγαθη
464,ανθυπηγαγεν
1998,θηρι
4116,φιλονεικως
3117,πεισθεισα
384,αναδιδοναι
992,δευτερου
3217,πλησιαζει
1429,εμβαλλομενας
479,αντιλεγειν
1280,ειπην
2688,νηων
3867,τοξοτην
3362,προσαγορευει
4085,φευγοντες
3535,σπουδην
84,perspersbhjTheseus
3456,ρειθρω
738,αφισταται
2741,οδυσσω
645,αριστης
93,perspersdcGaea
1790,ευχεσθαι
564,απογεννασθαι
2182,καπι
1978,θεραπευεται
4157,φυγοπολεμος
3017,παραληπτεον
1720,ετερου
1903,ηους
1609,επικινδυνον
2974,παρ
2910,ουκετι
3720,σχηματος
3569,στρατευματος
3436,πτοουσα
1552,επαιρει
3578,στρατιωτων
3192,πλατης
76,perspersbdcTeucer
224,αιδεσιμον
1360,εκλατο
213,αθετητεον
2393,λεγομενον
769,βαρβαρομεν
414,αναπεμψαντες
287,ακουντας
2720,νυν
1130,δρακοντος
1996,θηρευτικη
561,απλω
2824,ονετωρ
2791,ολυμπος
1258,εικαζει
4168,φυσιολογειν
1353,εκιδνατο
4213,χρονου
638,αρισταρχειος
2444,λογω
2941,παιδα
3265,πολεμου
4177,φωτος
3994,υπογυως
2908,ουκ
1299,εισελασει
1455,εμφασιν
139,perspersgfNicanor
1960,θειαν
3750,ταττεται
3579,στρατου
3518,σκοπει
1952,θανατου
2576,μετριοφρονει
2436,λογικον
2130,καθιστας
1272,ειμαρμενη
1408,ελλαμψιν
3072,παροιμια
871,γενομενοv
1531,εξηπται
2953,παλιμβολον
3224,ποα
282,ακμητι
1904,ηπειρων
1860,ηκουον
2972,πανυ
1214,εγχρονιζειν
3393,προσφυως
4110,φιλαλληλον
801,βιωτικα
2728,ξενης
3270,πολλα
2990,παραδιδωσιν
2646,μυριαδες
2561,μεταχειριζεται
1834,ζυγω
2409,λεξεως
1193,εγενετο
3601,συμβολη
1172,δωρικως
2570,μετηνεχθησαν
960,δειλον
4083,φευγομεν
3199,πλειους
2041,ιατρος
604,αποτεινεται
320,αλλα
3956,υπακουστεον
1236,εζεσθεν
3572,στρατηγικως
4049,φαινεσθαι
1768,ευμενης
998,δεχομενος
3836,τισαι
2171,καλουμενος
702,ατεχνος
48,perspersadhPirithous
3416,προφανεισας
1225,εδηλωσε
3521,σκυλα
2338,κρατων
3230,ποιησαντες
277,ακαιρως
1519,εξεθετο
3723,σωζει
2594,μηροι
746,αχαιοις
164,αγαυρος
4196,χθες
1792,ευχης
2152,κακοις
2785,ολιγον
2049,ιδιαν
136,perspersfjjPhiloetius
3837,τισι
342,αλογως
2193,καταισχυναι
3562,στιχους
2514,μεμισει
926,γραφουσιν
2442,λογου
3353,προκαταρχειν
3948,υδατων
2349,κυβερνητης
4011,υποστιζεσθαι
3080,παρωξυνται
3355,προλιπουσαι
2209,κατασκοπη
3131,πεπραγματευται
2362,κυριως
2078,ιππιος
457,ανηρεθη
3779,τεινον
3256,πολεμικου
2464,μαλλιον
3348,προθυμος
836,βροντην
4067,φαρος
1537,εξον
2235,κατωτατον
3185,πινειν
4065,φανον
3142,περιεκαλυψεν
2898,ουδεις
3590,συγχωρουντος
1567,επεισθη
3654,συνελασθαι
2407,λεξασθαι
1298,εισδραμειν
299,ακριβολογειν
363,αμφοτεροις
2892,οτρυνει
1980,θεραπευσοντος
3827,τικτομενου
1799,εφανη
571,αποθανειν
1266,εικων
955,δεικνυσθαι
3565,στομασιν
1010,δημον
1345,εκεινοις
505,απ
3369,προσδεχεσθαι
3247,ποιος
1361,εκληθη
3539,στεαρ
920,γραφην
3499,σημεια
4140,φρονησεως
449,ανελκειν
879,γεροντα
1020,διαθεσεως
4004,υπομνησιν
2610,μιμνειν
1486,ενεργησαντος
1069,διεγειρει
4092,φημας
1306,ειτα
1235,εεργε
2705,νομισωμεν
1066,διδοντος
1788,ευχαριστιαν
193,αδειαν
2099,ιστεον
3448,πυργος
1936,ηυτ
2198,καταλειπει
3631,συναπτειν
4233,ψυχαι
4101,φθειρου
2813,ομοως
1692,ερωτησιν
223,αιδεσθη
3761,ταφρω
1883,ημυσε
1378,εκωλυσεν
1928,ηττη
259,αιτιαν
3053,παρεσφηλε
1099,δισταζομενον
3860,τον
3594,συλλαμβανει
558,απιθανον
997,δεχομενον
2286,κηρας
1837,ζωον
4180,χανουσα
4068,φαρους
531,απειλης
665,αρσενικως
4089,φευγουσιν
1731,ετραπησαν
2512,μεμασαν
2387,λεγοι
432,αναφερων
3971,υπερεχοντων
3740,ταραχη
3,1
3321,πρι
3232,ποιησασθαι
3561,στιχου
1474,ενδεικνυσθε
2242,καυχησεται
3237,ποιητην
928,γυμνοι
2488,μεγεθος
3820,τηλικαυτη
2435,λογιζεσθαι
2475,μαχονται
4183,χαρακτηρος
2742,οζει
1366,εκοντας
341,αλογων
1110,διωκοντι
2928,ουτως
3047,παρεξει
3892,τουτου
3644,συνδεσμοι
2663,νεβροις
3194,πλεθριαιον
1760,ευκαιρον
306,ακρωμιαν
3339,προεισι
3180,πιθανως
3170,πετρον
2553,μεταστησαντος
2126,καθειρχθηναι
3064,παρθενων
4073,φερειν
285,ακοντιστης
2420,ληγει
1481,ενεκεν
2885,ος
2351,κυλικας
1124,δορατων
1337,εκδεξωμεθα
2882,ορω
3490,σημα
2597,μητε
975,δεν
610,αποφαινουσα
354,αμιγει
1929,ηττηθεισα
1082,διηκοσιων
2162,καλει
3200,πλειστον
3126,πεπληρωσθαι
117,perspersfbaOphion
3386,προσταγματα
3509,σιωπηθεν
1714,ετεον
3841,τιωες
1588,επηγαγε
474,αντευεργετει
2951,παλαιστης
2009,θορον
3286,πονου
2625,μονομαχησαι
3661,συνετου
3246,ποιον
1446,εμπροσθεν
353,αμηχανων
3007,παρακαλων
2730,ξιφος
3445,πυλων
79,perspersbgjSthenelus
1640,επιστροφην
4162,φυλαξει
1331,εκβασεων
2773,οιον
107,perspersejfCebriones
3825,τιθησι
2765,οικτου
416,αναρμοστα
3500,σημειον
2525,μερη
3480,σαφως
2547,μετακεινται
240,αιολεις
974,δεμας
3472,ρωμην
3376,προσεισι
2613,μιν
1097,δισκευτης
1817,εχουσι
2664,νεβρος
2539,μεταβαλλεσθαι
3843,το
1503,εντελειαν
3979,υπεροχη
396,ανακωχην
2229,κατηγωνισατο
3821,τημερον
1017,διαζευκτικος
2661,νεαν
1141,δυναμει
592,απολουνται
973,δεκαι
655,αρμοδιον
3696,συστηματα
1873,ηλιου
3670,συνθεσιν
3487,σελας
3786,τεκων
130,perspersfjcPodargus
545,απεχει
2700,νοθος
1062,διαφορωτατου
1968,θεοδμητα
3482,σειομενης
4201,χρειας
2132,καθολικον
556,απηχθημεθα
4112,φιλια
2767,οιματα
128,perspersfjaThebaeus
1417,ελληνικος
831,βραδυτητι
3451,πυρος
183,αγορην
522,απεβαλε
2743,οθεν
931,γυναικειος
742,αχαιας
152,ααπτους
1043,διαπορρητικος
723,αυτης
2650,μωνυχας
1643,επιτασιν
2170,καλος
843,γαργαρον
3398,προσωδιαν
2359,κυνων
3735,ταλαντευει
2384,λεγεσθαι
2075,ιππηες
3060,παρηοροι
3160,περισσος
1938,ηυχομεθα
1008,δημηγορει
1274,ειξαι
663,αρρενωδεις
446,ανειληφεναι
751,αχαριστων
2380,λανθανομεν
659,αρνος
2416,λευκην
3216,πληρες
3312,πραξιν
1465,εναντιουνται
2323,κομπασει
3861,τονον
3900,τρειν
241,αιολικω
197,αδιαφορως
2937,οχηματα
3738,ταξεες
2220,κατελεξεν
848,γεγονε
3413,προτρεπτικον
2947,παιδων
1786,ευτυχη
4235,ψυχας
614,απρακτος
1694,εσημανεν
612,αποφασεως
433,αναφορα
2634,μονω
1107,διωκομενος
677,αρχοντων
2747,οιδε
3454,ραδιως
1381,ελαμβανεν
4119,φιλοτιμος
2090,ισιωνην
2203,καταπληξει
2221,κατελθειν
4182,χαρακτηριζειν
1540,εξωθεν
3354,προκειμενον
890,γης
958,δειλιαν
3498,σημαναι
3754,ταυτην
916,γραπτεον
672,αρχην
1906,ηπλωθη
2213,κατασχοι
94,perspersdebRhesus
2166,καλης
3893,τουτους
3016,παραλελειφθαι
3450,πυρον
641,αριστειαν
2252,κεκρατηκεναι
1211,εγραψε
551,απην
2117,καδησομαι
3702,σφαιρικως
3677,συνιησι
3420,προφευγη
4017,υποστροφην
3374,προσεθηκε
3070,παρνασσου
1209,εγραφετο
3940,τυχειν
1655,επιφανειας
707,ατυχια
4016,υποστρεψαντων
3680,συνταξιν
3098,πεδιου
2580,μεχρι
1759,ευθυς
1802,εφερε
3271,πολλαι
2915,ουρανιον
3938,τυραννικην
3623,συναλιφη
1922,ητγαν
1115,δοκη
2975,παραβαινοντες
1782,ευστροφιας
1252,ειδον
2403,λειται
377,αναγκαιως
1245,εθελησεις
4039,υψουται
1382,ελαμψιν
2010,θορυβον
1437,εμοι
3534,σπουδαζει
867,γεννηθεισαν
3898,τραυμα
1506,εντελους
635,αριθμηθηναι
20,air
3854,τοιουτων
3932,τρωσιν
2988,παραγων
1644,επιταφιω
451,ανεμου
3799,τελευταιος
3253,πολεμειν
397,αναλαμβανει
35,perspersaagNestor
1157,δυσαρεςτει
1109,διωκοντα
1571,επεκτεταμενα
816,βορας
2707,νοον
1900,ηνιοχους
1831,ζυγιων
392,αναιρουνται
554,απηρκεσεν
346,αμειβουσαν
2971,παντως
3357,προοιμιοις
3272,πολλαις
3790,τελειον
3668,συνηθη
3315,πρασσετωσαν
3387,προστασσει
872,γενομενοι
883,γεφυραν
237,αινον
613,αποφυγοντα
517,απαραβατος
3523,σκυλων
949,δεδιασι
1551,επαινουμενος
523,απεδανος
1580,επεσιν
2640,μυηθηναι
504,αοριστωδως
3358,προοιμιον
4063,φανερον
1713,εταιρον
540,απελειπετο
161,αγαλματα
952,δεθεις
3196,πλειονες
3443,πυλη
119,perspersfbcAlcaeus
2030,θυμοειδες
646,αριστοι
1514,εξαγειν
3228,ποιειν
580,αποκρισιν
640,αριστεια
502,αοριστον
603,αποσφαλεις
2800,ομιλω
1423,ελπιδα
3140,περιγραφει
1271,ειλουμενοι
4219,χρωνται
131,perspersfjdXanthus
1532,εξης
249,αισσων
173,αγηται
3301,ποταμω
1735,ετυμολογειν
4090,φευγων
1015,διαβασεις
2177,καλυψας
70,perspersbbAgamemnon
886,γη
1385,ελατον
3036,παρατηρησις
3375,προσεθηκεν
1513,εξαγαγειν
2557,μεταφορα
1326,εκατεραν
3240,ποιητικην
327,αλληλων
511,απαλον
1949,θανατηφορους
1545,επαγει
773,βαρειαν
2178,καλως
720,αυταις
2056,ιδιωι
1955,θαρσησαι
248,αισσειν
1520,εξει
2935,οφρ
447,ανεκλασε
2322,κομιζειν
555,απηυρας
217,αθλου
1830,ζυγιους
2980,παραβεβληται
506,απαγγειλαι
1558,επανω
2865,ορθης
681,ασθενειαν
120,perspersfbdLampus
1767,ευμενεις
3833,τινι
2085,ιππους
2437,λογιστικον
996,δεχεται
1459,εναλλαγας
2969,παντος
3734,ται
2617,μνημονευει
1355,εκινδυνευσεν
961,δειλος
4034,υφ
251,αισυνηθεν
2859,οργη
3742,ταραχου
649,αρκει
1854,ηθετηκεν
766,βαρβαρικην
2418,λεχος
2280,κηδομενην
3266,πολεμω
3328,προβεβλημενον
155,αβορος
569,αποδοσις
3254,πολεμησαν
1625,επιπεδος
344,αμβωνεσι
2073,ιν
4030,υποχωρων
3288,πορευεσθαι
3839,τιτρωσκομενους
1576,επενοηθησαν
929,γυναικα
3961,υπαρχουσης
2548,μεταληψει
2513,μεμενηκεν
815,βοραν
2931,οφειλει
3759,ταφρος
3147,περικεχυμενου
3888,τουτεστιν
3692,συνωριδος
2827,ονοματα
2247,κεισονται
2943,παιδευει
3901,τρεις
1322,εκαστος
2759,οικονομικον
858,γενεαλογια
1800,εφασκεν
1080,διηγησιν
1806,εφυγεν
13,Epithetes
647,αριστον
137,perspersgaHeracles
2724,νωτα
1547,επαγομενα
765,βαραθρον
1448,εμυειτο
1143,δυναμενος
3388,προστεθειμενον
3844,τοαν
4166,φυσεως
1182,εαυτους
3428,πρωτολογει
2605,μικρα
4014,υποστραφησονται
904,γλωττης
2595,μηστωρα
3944,υγιως
1159,δυσεως
3462,ρητον
3326,προβαλλομενος
2986,παραγινεται
243,αις
535,απειναι
2927,ουτω
1612,επικουριας
317,αλκιμωτεροις
676,αρχοντας
3622,συναθετειται
2190,καταγωνιζεται
1425,ελπιδοποιουμενος
2670,νεου
2498,μειζοσιν
2032,θυμος
3822,τηρωθηναι
2924,ουσαν
3360,προπερισπα
755,αψυχων
3236,ποιητη
2450,λυπει
1312,ειωθεν
735,αφανες
144,perspershjHesione
400,αναλογον
1849,ηεροειδης
2128,καθευδουσι
3712,σχεδον
375,αναγκαις
3025,παρασκευαζουσι
1024,διακενος
544,απετισαν
1310,ειωθαμεν
3603,συμβουλης
2757,οικον
3557,στικτεον
1811,εχειν
3489,σηκασθεις
3439,πυκασε
823,βουλευομενου
1823,εχων
4086,φευγοντι
2554,μεταστησας
3154,περισπα
4198,χραται
2371,λαβε
3473,ρωσιν
54,perspersagHomer
3866,τοξον
3006,παρακαλουσιν
1972,θεομαχιας
481,αντιρησιν
2781,ολειται
2775,οιους
3050,παρεπλεξε
2607,μικρον
3869,τοξοτιν
3417,προφανεντε
3134,περας
1781,ευσεβες
4181,χαρα
913,γουν
4042,φαει
1676,εργω
1762,ευκαστον
695,αστρολογος
1838,ζωσαν
1554,επαμυνοντος
380,αναγνωσιν
3610,συμπλοκης
3943,τωδε
1041,διαπορευσιμον
4012,υποστικτεον
1697,εσκεπασε
1995,θηραις
2011,θορυβου
1384,ελασσους
2012,θορυβω
68,perspersbafPandarus
2950,παλαιοις
2799,ομηρικου
275,αιψηρως
724,αυτοις
3592,συλλαβης
3467,ριπη
382,αναγων
2299,κληδωνιος
1111,διωξιν
547,απεχθεται
3862,τοξειαν
199,αδου
4185,χαριζομενα
3463,ρητορικως
3642,συνδεδεμενον
669,αρχας
3077,παρορμησεων
4139,φρονει
406,ανανδρος
683,ασθενες
2223,κατενεχθεντα
652,αρμασι
232,αιθηρ
3958,υπαρχει
83,perspersbhfEos
3097,πεδιοιο
3373,προσεθηκα
3924,τρωεσσι
4175,φωτι
3148,περιλαμβανουσης
2074,ιους
2333,κρατειν
3034,παρατεταμενους
3796,τελεστικωτατον
1192,εγειρειν
2355,κυνηγεσιον
2369,κωλυσαι
595,αποπαυσεται
1023,διακεκομμενον
972,δειται
3871,τοποθεσιαν
3527,σου
3773,τεθειται
2267,κεραυνου
61,perspersaieSarpedon
2820,ονειδιζεται
3863,τοξευει
1489,ενερθε
1761,ευκαιρος
4132,φρασεως
3012,παραλαβειν
2165,καλη
3024,παραπτηναι
1160,δυσι
2783,ολην
361,αμφοτερα
772,βαρβαρων
2551,μεταπλασμον
2133,καθολικωτερον
3435,πτοεισθαι
3285,πολυς
3124,πεντηκοντα
2038,ι
2222,κατελιπεν
1106,διωκειν
2091,ισμεν
1152,δυναται
3904,τρεφειν
3483,σειρην
2289,κηρον
841,γαρ
3529,σπανιος
2040,ιασιν
1215,εγχωρει
3672,συνθετα
3678,συνιστησιν
2883,ορων
1050,διαστηματα
1889,ηνια
3559,στιχον
4137,φρενας
3197,πλειονος
1899,ηνιοχουντα
57,perspersageDidymus
1617,επιλαμβανεται
3267,πολεως
799,βιαι
3280,πολυ
3423,πρωην
2481,μεγαλοπρεπης
252,αισχρον
1556,επαναληψεως
3620,συναγει
2754,οικειοτερον
2283,κηπω
1827,ζητουντος
4052,φαινοντα
4189,χειρα
2744,οι
4257,ωρισμενον
3808,τεσσαρων
3907,τριτα
716,αυξων
2270,κερμα
2693,νικης
1587,επεχουσαν
1155,δυο
2327,κοσμεισθαι
2763,οικουριαν
3218,πλησιαζειν
4013,υποστιξωμεν
3470,ρυστατον
2769,οιμον
4079,φερων
390,αναιρουμενων
2004,θητι
484,αντιστη
3396,προσφωνησις
2394,λεγομενου
1956,θαυμασιως
1393,ελεεις
2721,νυξ
129,perspersfjbLampus
1743,ευεργετεισθαι
88,persperscbcDionysius
2722,νωθρον
937,δαιμονα
3828,τιμησαι
1456,εν
3065,παριδιους
2454,λυσεως
2272,κετι
3830,τιμια
1822,εχω
4138,φρικωδεστατον
2726,ξεν
3405,προτακτικου
2977,παραβαλλεται
2259,κενους
3400,προσωπα
1787,ευφυα
4008,υποστιγμη
2159,κακος
3491,σημαιμει
3090,πατηρ
1411,ελλειψιν
4165,φυσει
1264,εικος
987,δεσθη
3647,συνδεσμου
970,δειξαι
419,ανασπασειν
596,αποπληρουν
967,δεινοις
4211,χρονικην
47,perspersadgHelius
3103,πειθαρχικον
2714,νουν
3584,συ
2395,λεγονται
3607,συμμαχιας
4053,φαινονται
3939,τυραννικως
2833,οντος
3922,τρωας
3088,πατερ
1108,διωκομενους
2515,μεμνησθαι
1923,ητγονι
3041,παρει
488,ανω
3356,προνοεισθαι
3155,περισπασθησεται
2250,κεκαδησομεθα
1954,θαρσει
1909,ηριστησαν
2684,νηνεμιην
863,γενικη
2374,λαβομενος
1742,ευεργεσιας
2002,θηρων
560,απλουστερον
688,ασπιδος
2237,καυστικον
1673,εργατης
51,perspersafAristarchus
2397,λεγουσα
2643,μυθων
1256,ειδωλον
358,αμφιβηναι
1766,ευμαρως
1696,εσιωπησεν
661,αρπην
2006,θνητον
1947,θαλαττης
713,αυξησεως
1026,διαλαμβανει
3203,πλεοναζει
365,αμφοτερων
2863,ορει
4205,χρησις
2659,ναυσι
1443,εμπιπτοντων
2148,κακεινα
2894,ουδ
1969,θεοι
3671,συνθεσις
509,απαθης
521,απασιν
3162,περιττος
1464,εναντιουμενον
1181,εαυτου
3313,πρασσει
1058,διαφερω
3422,προφυει
4020,υποτακτικον
1307,ειχε
1083,διηνεκως
2819,ονειδιζει
2265,κεραυνοις
1363,εκλυει
1997,θηρευτικην
4088,φευγουσι
4022,υποτιθεται
235,αινεσιμα
3129,πεπονημενα
3873,τοπος
971,δειπνον
1647,επιτεταμενως
1229,εδουσι
1855,ηθετητο
2734,οβριμος
1065,διδομενον
1764,ευκρινες
3571,στρατηγικου
838,βωμοισι
4266,⸌
2696,νοειν
2025,θρηξιν
1994,θην
3426,πρωονες
3300,ποταμον
1200,εγκλιτικη
1546,επαγεται
2921,ουρος
1147,δυναμις
1736,ετυμολογων
528,απειλαις
410,αναπαλιν
2925,ουσων
1246,εθελω
1810,εχει
4104,φθονησαι
2652,ναι
4059,φαμερον
889,γηρως
837,βροντης
979,δεξιουμενος
1203,εγκρινει
3596,συλληβδην
3912,τριτωνος
1592,επηρεαζονται
1205,εγκωμιον
3528,σπανιον
3824,τιθεται
2205,καταπτηξαντες
1651,επιτροπης
1915,ησανκαι
3721,σχηματων
124,perspersfbjNemesis
360,αμφοιν
3172,πεφηνοτος
894,γινεσθαι
3459,ρηματος
4208,χρηστας
1483,ενεμετο
3095,παυσιν
3173,πηδα
1646,επιτελεστικωτατον
1932,ηττονι
2230,κατηει
52,perspersafcAristonicus
2364,κωκυτου
2459,μαιμετο
367,ανα
959,δειλοι
336,αλλω
3923,τρωες
1737,ευ
3802,τελος
2278,κηαι
943,δασμον
2816,ομωνυμως
2870,ορθως
1974,θεος
524,απεδεξαντο
932,γυναικες
854,γεγωνεμεν
588,απολογειται
67,perspersbaeDiomedes
2608,μικρου
4027,υποχωρουντας
1428,ελπιζω
2051,ιδιον
4076,φερομεθα
395,ανακαλεσασομεν
325,αλληλοις
3013,παραλαβοντος
2060,ιδωσι
1848,ηδυς
3856,τοιχους
2993,παραζευξεις
3383,προσιστορουμεν
526,απειθουσας
3835,τις
2208,κατασκευη
399,αναλκιας
2295,κινειν
3560,στιχος
3241,ποιητικον
1221,εδαφει
2453,λυσε
2020,θρασυν
1336,εκδεξασθαι
2449,λυει
2153,κακον
3083,πασα
2036,θυρων
1046,διασκεψεως
1260,εικαζονται
496,αξιοι
2873,οριζων
2360,κυρια
1600,επιδεικνυμενος
2582,μηδε
520,απαρκει
2493,μεθην
1557,επανηλθετε
478,αντικρυς
4195,χερμαδιον
3764,ταχεις
1495,ενθουσια
2997,παραι
3455,ραψωδιαν
3255,πολεμικη
4242,ωκοδομηθη
3617,συμφωνον
2756,οικο
490,ανωθεν
3152,περιπετεια
165,αγγελιαν
133,perspersfjfArcheptolemus
1880,ημερας
1678,ερεβος
748,αχαιων
2080,ιπποιν
2876,ορμαν
2637,μορφην
977,δενος
752,αχθεται
3788,τελειαν
1569,επεκαμφθη
1373,εκτης
2830,οντα
2337,κρατουν
1727,ετι
3778,τεινομενα
1750,ευθει
3099,πεδιω
1302,εισεποριζετο
441,ανδρες
3175,πηξαι
3657,συνερριζωμενης
3204,πλεονας
132,perspersfjeAethon
2533,μεσου
231,αιθερα
725,αυτον
3102,πεζων
3005,παρακαλουσι
2653,ναον
2183,καρη
302,ακροατων
3214,πληθυντικως
1087,διιστας
2981,παραβολη
2789,ολου
1593,επηρμενον
122,perspersfbgNeoteles
1509,εντεχνως
601,αποστροφου
4061,φανεντος
4107,φιλαδελφια
3259,πολεμιου
731,αυτων
4070,φασιν
3292,ποριζεται
3674,συνιεις
331,αλλον
1433,εμεριμνησεν
2776,οις
1700,εσται
3269,πολιτων
2509,μελλοντα
3429,πρωτον
679,ασητα
1237,εζεσθιν
4155,φυγης
1872,ηλιος
3068,παριστησι
1357,εκκλησιαζοντας
3616,συμφωνησει
3183,πικραινη
1626,επιπηδα
2881,ορους
1133,δυειν
969,δεινος
296,ακραις
3334,προδιελυσε
3984,υπεσχομην
3186,πινουσι
1210,εγραψαμεν
705,αττικως
1415,ελληνες
265,αιτουμεν
2216,καταφρονει
853,γεγραφθαι
3662,συνεχες
17,Sidonius
2388,λεγομεν
2372,λαβειν
466,ανισχοντα
1885,ην
3875,τοπω
3919,τροφην
475,αντευεργετηθην
1013,δημωδη
3667,συνηθες
851,γεγονυιας
637,αριθμων
744,αχαικους
3809,τεταγμενον
1421,ελλησι
2729,ξενοις
3424,πρων
3322,προαιρεσιν
2660,ναυσιν
3471,ρωμη
2930,ουχι
2027,θυγατερα
465,ανιεναι
4021,υποτασσουσι
4212,χρονον
737,αφιησι
1086,διι
3310,πραγματος
1660,επιφερομενον
3153,περιπολων
196,αδηλον
2614,μισει
968,δεινον
2279,κηδεσται
3882,τοσσον
1275,ειξαντος
1282,ειπομεν
2163,καλειον
1641,επιστωσατο
4097,φησιω
1190,εγειραι
2583,μηδενα
4197,χοντιουμεθα
2,-
1776,ευργεσιας
3028,παρασχηματισμω
1674,εργον
151,urncite
2641,μυθοις
2510,μελλουσιν
1701,εστι
1987,θεω
1220,εδαμνατο
4221,χωραν
1284,ειπουσα
1313,ειωθυιας
741,αφωτιστον
448,ανελαμβανον
2343,κρινη
459,ανθρωπινη
2158,κακοπραγουντας
2503,μειουντες
1847,ηδυνηθη
2214,καταφευγουσιν
3325,προβαλλεται
833,βραχειαν
298,ακριβεστερον
1001,δηλον
4134,φρασσαμενοι
1623,επιοντων
722,αυτην
3690,συντομως
2447,λοιποι
1706,εσχατον
644,αριστην
1477,ενδοξοτητα
3238,ποιητης
784,βασιλικως
1162,δυστυχη
332,αλλος
1528,εξηγησις
4169,φυως
1207,εγρατε
2879,ορνις
1749,ευθεες
1206,εγνω
482,αντιρρησιν
3714,σχετλιαζουση
1335,εκδειματουσα
2015,θοως
2385,λεγεται
689,ασπιδων
1943,ηων
2626,μονομαχησαν
4072,φαυλιζει
3135,περατα
1314,εκααστων
369,αναβαινειν
850,γεγονος
2266,κεραυνος
2596,μηστωρε
1935,ηυξησε
486,αντιταξεται
3287,πορειαν
1270,ειληπται
2586,μηκων
170,αγετε
2007,θνητων
796,βες
1352,εκελευσεν
1553,επαμυναι
2034,θυμω
3795,τελεσθεντων
2181,καν
865,γενικης
3627,συναποληγει
2716,νοων
388,αναιρεθησεται
3021,παραμυθειται
2900,ουδενος
991,δευτερον
1294,ειρωνευεται
3890,τουτοις
2092,ισον
1398,ελθοντα
3113,πειρωμεθα
1967,θελων
3184,πιμελην
3504,σημερον
2522,μενον
1244,εθελησειε
3477,σαφες
460,ανθρωπινον
357,αμφιβεβηκει
3032,παρατατικος
1406,ελκον
915,γραμματικων
206,αερθεν
927,γραφων
1340,εκει
3305,που
4096,φησιν
2142,καιρος
4058,φαμεν
670,αρχεται
2984,παραγει
1659,επιφερομενη
2902,ουδεποτε
1259,εικαζειν
910,γοργονα
804,βλαψω
4146,φροντιζοντων
691,αστεροεντα
2884,ορωνται
1025,διακοψαι
2367,κωλυεται
2766,οικτρος
3628,συναπολλυσι
618,απτοητε
2260,κενταυρων
3969,υπερεβαλεν
2417,λεχθεντα
6,2
1717,ετεραν
2055,ιδιω
2432,λιτι
2907,ουδηποτε
2346,κροκοπεπλος
2970,παντων
1473,ενδεικνυσθαι
1704,εστως
3513,σκεπαν
3847,τοιαυτη
2111,ισω
2381,λαον
3320,πρεσβυτου
2896,ουδαμου
3532,σπευδουσα
905,γνησιοις
176,αγνισθεις
3711,σχεδιας
1693,εσαυριον
3108,πειθομενος
3308,πραγματευεται
3181,πιθανωτερον
3929,τρωος
2284,κηρ
2805,ομοιωματικω
1845,ηδη
1442,εμπειρος
3109,πειραθητε
563,αποβεβλησθαι
3213,πληθυντικον
2735,οδον
2354,κυνες
2562,μετεβη
2172,καλουσι
721,αυτας
930,γυναικειον
1386,ελαττον
1195,εγκερασασα
1144,δυναμενους
1116,δοκοιη
1581,επεσπασαντο
188,αγωνι
589,απολογιαν
1835,ζωα
1871,ηλιον
3887,τουτεστι
797,βιαζει
617,απτηται
4159,φυλακτικα
4129,φονευσαι
4174,φωνουμενω
184,αγρια
2145,καιτοι
1780,ευρυοπα
794,βελους
733,αφ
1705,εσχατην
1426,ελπιδος
2862,οργιζομενος
2732,ξυλων
917,γραφει
966,δεινοεπες
980,δεξιουσθαι
3059,παρηορμεν
2777,οκτω
1102,διφυα
1512,εντρεπουσα
3195,πλειονα
840,γαμετην
15,Herodianus
461,ανθρωποι
148,spherical
1991,θηλειαι
1135,δυικη
3156,περισπαστεον
1488,ενερθ
66,perspersbaaDionysius
1410,ελλειποντος
2665,νεκρους
3327,προβατων
844,γαργαρος
3552,στιγμεν
14,Gonypesus
933,γυναικι
2624,μονοι
256,αισχυνης
1136,δυικοις
1712,εσω
2737,οδυνομενος
2045,ιδειν
3797,τελεσφορηθεισης
565,απογονον
2082,ιππον
1240,εθαπτον
549,απεχυρoσθαι
135,perspersfjhEniopeus
2841,οπα
1387,ελαυνοντος
3716,σχετλιασμου
2575,μετριοις
1100,διττα
453,ανευ
3284,πολυπειριας
1247,εθηκεν
3058,παρηοποι
3608,συμπεριελαβε
99,perspersdicAelius
1286,ειργε
3914,τριων
1779,ευρεως
9,9
1634,επισπασαιτο
348,αμειουντες
2204,καταπληξιν
3520,σκυθρωποτητος
3965,υπερβατον
1348,εκεισε
3842,τλη
1276,ειπε
1484,ενεπεσον
3446,πυρ
1976,θεου
2428,λινουν
2875,ορμα
4115,φιλον
2636,μορον
667,αρτι
1618,επιλαμψιν
911,γοργω
2399,λεγω
795,βελτιον
2324,κοπει
832,βραχεια
191,αγωνιωντα
2443,λογους
3022,παραπλησια
276,ακαιρος
3756,ταυτον
4259,ωρυκτο
3279,πολλων
1798,εφαμεν
3753,ταυτη
2404,λεκτον
2752,οικεια
2682,νηας
3159,περισσον
1369,εκπληξις
1049,διαστημα
2849,οπλισμον
1375,εκτραγωδει
3691,συντονως
956,δεικνυσι
3768,ταχους
1055,διαφανης
4040,υψουτο
4010,υποστιζειν
1638,επιστρεφομενον
1457,ενα
2257,κελευσθεντα
664,αρσενας
1739,ευδιαν
2985,παραγενομενος
3323,προαναστελλει
3666,συνηγογε
700,ατακτον
2778,ολα
368,αναβαθμοις
609,αποφαινεται
885,γεωργος
922,γραφικον
1227,εδιωκεν
2703,νομισας
3347,προθυμοι
1604,επιθετα
3989,υπογραφει
1228,εδοξεν
2316,κολαστεοι
1796,ευχρηστα
290,ακουοντων
3885,τουναντιον
3302,ποτε
607,αποτροπην
171,αγη
3963,υπεκλυοντος
1572,επεκτεταμενη
334,αλλου
1973,θεομηνιαν
3505,σθενελον
1645,επιτεινει
3928,τρωικης
2845,οπλα
1463,εναντιος
313,αληθες
2770,οιμωγης
1801,εφελκεται
3587,συγχει
2591,μηνυσω
577,αποκλειομενων
113,perspersfafCerberus
293,ακουσας
3955,υπακουειν
1538,εξοχαι
1637,επιστρεφειν
4009,υποστιγμης
1925,ηττα
3262,πολεμιων
2292,κινδυνευοντα
3149,περιμενει
1548,επαινει
4179,χαλεπω
3658,συνεσει
2187,κατ
1118,δοκουντα
1624,επιουση
3276,πολλοις
2426,λιθου
4080,φευγει
97,perspersdgdDolon
1715,ετερα
4051,φαινομενων
2706,νομος
3920,τρυφερον
2558,μεταφορας
2353,κυναγωγης
2758,οικονομικη
8,68
333,αλλοτριως
428,ανατρεπτεον
1957,θαυμαστοι
1330,εκατον
3747,τας
4142,φρονιμως
3273,πολλακις
185,αγριον
1594,επηρμενος
868,γεννηθηναι
1738,ευβοιας
3884,τουδεους
849,γεγονεν
266,αιτουσι
2022,θρασυτερον
1942,ηφανισμενη
1927,ητταται
2545,μεταθεις
2593,μηπως
1898,ηνιοχου
1440,εμου
3150,περιοδον
3127,πεπληχθαι
3682,συντασσεσθαι
145,perspersihPtolemy
3163,περιφρασις
1494,ενθεν
2413,λεοντος
1064,διδασκομεθα
3635,συναπτηται
86,perspersbjaHades
3782,τειχος
3317,πραττεται
3655,συνελαυνομενων
2312,κοινου
2913,ουραν
1682,ερις
82,perspersbhbIris
3474,σανευρα
75,perspersbbjTros
1970,θεοις
2689,νικαν
2839,οξυνειν
701,ατενιση
87,persperscabMeleager
3215,πλην
1502,ενταυθα
947,δεδεγμενος
347,αμεινον
3268,πολις
3964,υπεκοριζετο
2709,νοουσιν
2807,ομολογειν
1059,διαφθειροντες
3311,πραγματων
1101,διττον
1992,θηλειων
1725,ετεχθη
389,αναιρεσις
3744,ταρταριζειν
1939,ηφαιστοτευκτα
1392,ελεεινον
562,απλως
53,perspersafhNereus
3806,τεσσαρα
869,γεννωσαν
3576,στρατιωτην
3972,υπερη
2348,κτωμενον
3982,υπερωησαν
1564,επειδη
134,perspersfjgEreuthalion
3411,προτερον
215,αθετουνται
1248,εθος
2134,καθολου
882,γερων
499,αξιωσεις
477,αντι
201,αδυνατον
3985,υπεχωρησαν
2967,παντη
1818,εχουσιν
3137,περιβαινουσι
876,γενους
31,perspersaAchilles
3996,υποθεσιν
1981,θεραπευω
1401,ελικη
4241,ωδων
3886,τουπισω
3910,τριτου
2749,οιδεον
1189,εγεγραπτο
1117,δοκουν
2345,κρισιν
2317,κολαστηριον
1689,ερχεται
473,αντεσχον
1490,ενηδομενος
1170,δωρεαν
1164,δυστυχιαις
978,δεξαιτο
1756,ευθηνουντα
3652,συνεκδοχικων
2419,λεχων
50,perspersaehPatroclus
80,perspersbhThyestes
2989,παραδιαζευκτικος
3431,πρωτους
412,αναπαυων
3630,συναπτει
3415,προτροπην
2146,καιω
3399,προσωδιας
4044,φαεινην
2549,μεταμεληθησεται
2788,ολος
4204,χρησιν
1668,επος
167,αγγελω
2920,ουρανωθεν
1076,διελυσας
1910,ηρκεσεν
4258,ωρμα
3370,προσδεχομενος
1611,επικουριαν
3715,σχετλιαζων
761,βαλλει
3930,τρωσαι
1293,ειρχθηναι
463,ανθρωπων
3341,προερχεται
1870,ηλικιαν
2451,λυπειν
1508,εντευθεν
3318,πραχθεντα
757,βαλε
2441,λογος
3730,σωφρον
3079,παρουσια
2083,ιππος
1034,διανεμησει
1983,θερμος
2681,νεωτεροι
2140,καιριον
2877,ορμηματα
2365,κωλον
1654,επιφανειαν
258,αιτει
205,αερα
1161,δυσιν
1584,επεταξεν
3408,προταξας
269,αιφνιδιον
492,ανωτερω
65,perspersbaAristophanes
44,perspersadbAeneas
1056,διαφερει
4094,φησην
270,αιφνιδιως
4114,φιλοκινδυνον
1367,εκουσιως
1619,επιλογισηται
1840,ζωων
3758,ταφρον
800,βιαιοτερον
1467,εναντιουσθαι
2702,νομικως
3336,προειπεν
3507,σιτου
352,αμετοχος
2334,κρατησαι
2285,κηρα
38,perspersabcOceanus
118,perspersfbbHeraclides
3612,συμφεροντος
1223,εδει
3743,ταραχωδεις
553,απηντηκεν
2750,οιεται
902,γινωσκεται
2874,ορκον
715,αυξητικον
1771,ευπορουντες
411,αναπαυσεως
3706,σφαλεντα
4215,χρυσην
686,ασπιδας
3935,τυγχανων
3106,πειθητε
163,αγανακτησαντες
1053,διατειχιζει
1242,εθαρρησαν
89,persperscgTitans
2033,θυμου
3468,ροδοδακτυλος
3699,συστροφη
3981,υπερφρονι
1304,εισιν
1583,επεται
1841,ηβουληθη
1808,εχαρισατο
1413,ελλην
26,has
4251,ωνομασται
387,αναιδη
1281,ειποι
3008,παρακειμενοι
2725,νωτου
3316,πραττειν
2804,ομοιον
2096,ιστας
2516,μεμνηται
3988,υπνον
897,γινομενην
1356,εκινησεν
2560,μεταφρενον
762,βαλλομενα
4000,υπομιμνησκει
4141,φρονησις
627,αρεσκει
1585,επετεινε
3536,σταρτησσω
1877,ημεν
3650,συνεις
4239,ψυχρος
1226,εδηλωσεν
2694,νικησειν
2105,ισχιοις
3588,συγχυσιν
4214,χρονω
912,γοργωνος
242,αιρεσθαι
810,βοηθειν
1577,επεξειργασται
2519,μενα
575,αποθραυομενων
208,αετος
3475,σαρκα
4003,υπομνησας
2952,παλαιων
3653,συνελασας
3760,ταφρου
2119,καθ
1168,δυσχερη
2482,μεγαλορημονουν
2569,μετηνεχθη
1339,εκδοσεις
3567,στρατευμα
3725,σωμα
643,αριστερος
3550,στησεσθαι
1666,εποιησε
4203,χρη
1521,εξεκαυθη
1861,ηκουσεν
2110,ισχυς
4002,υπομνηματων
46,perspersadfHyperion
3298,ποσοτητος
3775,τεθριππου
3530,σπευδει
995,δεχεσθαι
2003,θητα
852,γεγραμμενοι
355,αμυναι
2948,παις
187,αγωνα
3762,ταχα
4248,ων
1149,δυνασαι
3333,προδηλον
814,βολης
539,απεκυλησε
1371,εκτασεως
3718,σχημασι
2669,νεοτητι
3741,ταραχης
4173,φωνης
2911,ουν
1414,ελληνας
1950,θανατον
3052,παρεσφαλη
2504,μειωση
2037,θωρακα
2680,νεωτερικον
3531,σπευδειν
1342,εκεινα
3094,πατρωνυμικως
3698,συστρατευσαντι
1219,εδαμασε
945,δασυνουσιν
754,αχρηστος
3171,πεφεισμενως
710,ατυωουν
383,αναδεχεται
330,αλλοιωτικη
2391,λεγομενης
409,αναξιως
1914,ησαν
36,perspersaahOdysseus
2429,λιπαρα
680,ασθενεια
415,αναπεφωνηκεν
3792,τελειων
1305,εισφερειν
1615,επικρατει
2377,λακωνικης
271,αιχμαλωτον
2531,μεσον
2486,μεγας
714,αυξησιν
3879,τοσουτον
1478,ενεγκειν
2630,μονος
1409,ελλειπει
1753,ευθειας
3807,τεσσαρας
4103,φθονεσαι
3728,σωτηριαν
2854,οπου
2383,λεγειν
1862,ηλαυνε
2401,λειπει
300,ακροατην
1895,ηνιοχοι
289,ακουοντας
1289,ειρηκεν
435,αναφωνησεως
2063,ιθαγενεις
3412,προτρεπει
1169,δυσωδια
2065,ιθυνεται
2581,μεχρις
704,αττικοι
690,ασταχυς
2868,ορθρον
2189,καταβοωσα
2723,νωι
1944,ηως
3915,τροπη
2046,ιδην
4167,φυσιν
3009,παρακεινται
1533,εξιεναι
3917,τροπου
1744,ευεργετηθεντων
489,ανωγοι
2995,παραθεσθαι
898,γινομενον
3111,πειρας
3151,περιοραν
227,αιδου
195,αδηλοις
3296,πορρως
2340,κρειττων
2740,οδυσσειαι
1085,διηρηκεν
3625,συναλιφης
1347,εκεινω
4038,υψους
3931,τρωσι
3372,προσδοτεον
3733,ταεξ
3441,πυλαι
169,αγεται
2848,οπλιζοντο
3062,παρηορους
4243,ωμολογημενον
3338,προειρημενα
2603,μιας
1362,εκλογη
2271,κερτομικως
2062,ιερος
1004,δηλουν
2157,κακοπαθουσιν
2167,καλλος
245,αισθησιν
574,αποθραβομενων
3545,στενοχωριαν
3722,σχολη
1468,εναντιουται
495,αξιαν
566,απογονος
1251,ειδικον
2961,παντα
1007,δηλωτικον
2692,νικην
2452,λυπηση
962,δειλου
3367,προσαρτωντες
3555,στιζουσι
2471,μαχεται
888,γηραι
3078,παροσον
1257,ειεν
200,αδυνατα
308,ακρωτηριον
1317,εκαλεσαν
778,βασιλειας
1857,ηθος
3233,ποιησει
3909,τριτογενεια
172,αγηοχεναι
314,αληθη
583,απολεισθαι
394,ανακαλεσασθαι
2590,μηνιγξιν
4037,υφορωμενος
3737,ταμνειν
141,perspershZeus
1,)
1511,εντος
214,αθετουμενα
1868,ηλθων
944,δασυνεται
2796,ομηρικη
244,αισθεσθαι
3419,προφερομενος
2176,καλυπτοντος
693,αστραγαλισκων
2043,ιδαιον
1173,δωσω
3303,ποτερον
2456,μαγειρος
1836,ζωοις
3177,πιειν
3526,σολοικοφανες
2719,νυκτος
1918,ησσον
3239,ποιητικη
3189,πιστιν
2253,κελαδησαν
4153,φυγη
3769,ταχυ
3187,πιπτει
1695,εσθιειν
2535,μεσουσης
2817,ομως
657,αρμοζουσιν
2612,μιμουμενος
1525,εξευτελιζων
3133,περ
1775,ευπριστιας
3476,σας
3960,υπαρχοντα
1539,εξω
2550,μεταξυ
1911,ηρωες
2844,οπισθεν
3295,πορρωθεν
2107,ισχυρον
907,γνωμην
4078,φερονται
3056,παρηγοριας
1403,ελισσομενον
986,δεσθαι
1297,εισαγει
616,απροθυμοι
1961,θειον
2329,κοσμου
1688,ερχεσθαι
820,βουλεσθε
182,αγοραν
3774,τεθριπποις
2753,οικειον
1755,ευθεως
3703,σφαιροειδη
4265,⁚
964,δεινα
1789,ευχερως
1283,ειποντα
3394,προσφωνησασα
3409,προτερας
3277,πολλου
1865,ηλεηται
2072,ιματιον
3949,υδρας
4015,υποστρεφειν
2798,ομηρικον
3817,τεχθηναι
2150,κακεινος
1359,εκκλινειν
2762,οικουμενης
2699,νοθον
417,αναρμοστως
2521,μενειν
2658,ναυς
1332,εκγονοις
1212,εγραψεν
2448,λοιπους
3486,σελαι
2654,ναρκησε
1434,εμην
2589,μηνιγγα
1724,ετετυξο
1450,εμφαινει
2228,κατηγορουσιν
3902,τρεπει
343,αμαρτημα
1231,εδραν
4111,φιλελλην
456,ανηρ
3248,ποιουντα
1436,εμιανθησαν
4108,φιλαδελφιαν
3755,ταυτης
1068,διδωσιν
1856,ηθικως
767,βαρβαρικον
1783,ευτελεις
4036,υφεσιν
3694,συος
2125,καθεδρας
940,δαιτρευειν
2793,ολυμπω
1404,ελκει
3717,σχημα
1217,εδακρυεν
356,αμφι
3337,προειπων
3458,ρημα
3582,στροφην
1669,επτηχοτας
2600,μια
1291,ειρησθαι
3595,συλλεγεσθε
2623,μονην
4151,φυγαδε
408,αναξιος
3946,υδατα
1578,επεξηγειται
4026,υποχωρησαντος
229,αιετου
1351,εκελευσε
190,αγωνιζεσθαι
3067,παριουσιν
2802,ομματα
1907,ηραν
228,αιδους
3401,προσωποις
1165,δυστυχιαν
1824,εωθεν
1803,εφεροντο
2745,οια
1500,ενος
615,απρεπως
3858,τολμησεις
3391,προστιθησιν
402,αναλυει
2315,κολασθεισαν
2018,θρασυ
3957,υπαντησας
807,βοηθει
1138,δυικου
2201,καταπεπληχθε
156,αβουλω
3649,συνειργομενων
1036,διανοιαν
4230,ψογος
3000,παραινεσεσιν
1453,εμφαντικως
2341,κρεμασαντες
1176,εασαι
3384,προσλαβον
983,δεους
2313,κοινωνουντος
2677,νεωλκιας
3811,τεταρτον
708,ατυχιαν
160,αγαθος
1741,ευελπιδας
582,αποκωλυτης
1869,ηλικια
4202,χρειωδεσι
3980,υπεροχην
1566,επεισαγειν
3442,πυλας
4232,ψυχαγωγει
3402,προσωπον
4062,φανεροι
2718,νυκτερινω
3434,πτηξαντες
3877,τος
1396,ελεφαντινων
4260,ωρων
114,perspersfagAscalaphus
4152,φυγειν
1846,ηδονης
2019,θρασυμηδους
1122,δοξης
2108,ισχυροποια
2477,μεγ
3897,τραμα
3870,τοξου
1303,εισι
1208,εγραφεν
608,αποτυχουσα
1061,διαφοραν
1966,θελοντα
3069,παρνασου
2944,παιδευτικοι
2711,νοτιησι
3461,ρητεον
2124,καθαρως
3275,πολλην
2909,ουκεθ
3849,τοιν
516,απαραβατον
1590,επηνεγκεν
3681,συνταξις
2275,κεφαω
4231,ψογου
1642,επιτασει
3168,πετεεινων
3410,προτεροις
1863,ηλαυνεν
3573,στρατηγος
3626,συναντησας
2175,καλυπτειν
939,δαιομενον
102,perspersebeNicander
4227,ψιλουν
1523,εξεναντιας
2431,λιπους
3708,σφωε
3751,ταυτα
4018,υποσχεσεις
2483,μεγαλων
3974,υπερηφανως
985,δεσ
1328,εκατερου
1920,ησσωνται
2916,ουρανον
1940,ηφαιστοτευκτον
3096,παχεος
1234,εειπες
462,ανθρωποις
2578,μετρον
4007,υπορραιβος
239,αιξε
2621,μοιριδιον
3087,πασχοντα
2120,καθαπερ
3101,πεζον
2274,κεφαλης
3687,συντετελεστε
3351,προκαταρξαμενη
2422,λημνω
3085,πασης
2264,κεραυνιου
1290,ειρημενα
2048,ιδια
250,αισυμνηθεν
2357,κυνι
1575,επενηνοχεν
127,perspersfiApollodorus
934,γυναικος
2828,ονοματος
2764,οικτον
1063,διδασκει
4193,χειρων
1419,ελληνικων
2838,οξυνει
2992,παραδοσις
203,αελλοπους
2197,καταλεγει
2479,μεγαλα
468,αντα
3116,πειση
3361,προπερισπαται
3019,παραλογον
1045,διασκευαστης
2335,κρατησω
3679,συνμπλεκεται
3421,προφρων
2823,ονειδος
2957,παννυχιον
1632,επισκυνιον
3519,σκοτους
4099,φθεγγεσθαι
255,αισχυνη
2042,ιαχον
485,αντιστης
3563,στιχων
1491,ενθ
301,ακροατου
1315,εκαθεζοντο
830,βραδυ
1432,εμειωσεν
2574,μετριο
3614,συμφραζομενων
2227,κατεχων
3395,προσφωνησεις
2273,κεφαλας
1878,ημερα
3853,τοιουτω
3903,τρεπων
900,γινωσκει
1197,εγκλητικη
159,αγαθην
3209,πληθει
3244,ποιητων
1941,ηφανις
1839,ζωω
1011,δημος
696,ασυναρθρως
4123,φιλοφρονως
538,απεκρυψεν
121,perspersfbfXanthus
3580,στραφηναι
3633,συναπτεσθαι
2392,λεγομενοις
1951,θανατος
3231,ποιησας
1171,δωριεις
168,αγερθεν
4105,φθοραν
2016,θρασεις
2104,ισχια
2934,οφθη
3433,πτηνων
1524,εξευτελιζοντα
1399,ελθοντες
211,αθενουσιν
3014,παραλαμβανει
777,βασιλειαν
1515,εξαιρει
1582,επεστασαν
4033,υστερον
3492,σημαινει
2690,νικαται
2102,ιστορια
2288,κηρεσσιφορητους
1267,εικως
2897,ουδει
3015,παραλελειπται
887,γην
1088,δικας
1627,επιπλησσουση
1707,εσχατος
1653,επιτυχοι
3235,ποιηται
2667,νεμεται
3727,σωματοειδη
374,αναγκαιον
1379,ελαβε
3570,στρατηγικον
1990,θηλεια
3074,παροξυνει
4100,φθεγγομενη
2296,κινεισθαι
600,αποστησομεθα
827,βουλομενον
1187,εβη
2480,μεγαλη
2739,οδυσσεια
2122,καθαπτομενη
4160,φυλαξ
480,αντιος
3707,σφοδρα
1597,επιβουλευειν
3418,προφερεται
2309,κοινον
2782,ολη
1095,διπλη
1070,διεγειρομενος
1407,ελκοντα
530,απειλη
59,perspersahjGanymedes
1472,εναρκησεν
1930,ηττον
675,αρχοντα
1183,εαυτω
527,απεικαζει
726,αυτου
3541,στεινος
3250,ποιπνυσαντι
2577,μετριωτερον
219,αθροως
802,βλαπτει
2528,μερος
3640,συναφες
3440,πυκτης
3816,τεχθεντα
3913,τριχας
4158,φυλακην
1096,δις
2164,καλειται
3174,πηληξ
4084,φευγοντας
32,perspersaaaScamander
316,αλιτρος
2424,λιαν
3845,τοιαυτα
381,αναγνωστεον
3599,συμβεβηκε
719,αυται
1009,δημηγορων
781,βασιλευς
3586,συγκρισιν
2495,μεθυσον
813,βοην
1287,ειρει
1866,ηλενται
2192,καταιδη
632,αρθρου
1296,εισαγαγων
1140,δυναιτο
2298,κλειοντος
2151,κακια
2307,κοινην
321,αλλαπλουστερον
1042,διαπορητικος
1535,εξοδοι
3190,πισω
1241,εθαπτοντο
2786,ολιγου
2180,καμπτειν
322,αλλαχου
2440,λογον
2224,κατενεχθησεται
3076,παροξυτονως
